D1BPM6_VEIPT,A0A2D3P600_9FUSO,C0EJJ1_NEIFL,L1MCS5_9BACT,C3JCB2_POREA,A0A7W4HJV8_9BACT,D6GSY8_FILAD,W1W7T9_9FIRM,U2MCA6_9BACT,E6KWI6_9PAST,A0A2W5KWT7_9CORY,A0A380N4Y6_9FIRM,D1BP93_VEIPT,A0A239YF41_9FIRM,A0A7W4HEW8_9BACT,E4LDI2_9FIRM,A0A3P2AFV8_9FIRM,A0A3P1ZCI1_9BACT,A0A069ZK08_9PORP,A0A2G6QS19_9SPIR,NUOD_NEIMB,D2NQS3_ROTMD,A7B9J2_9ACTO,X8ISL9_9STRE,E3H5W3_ROTDC,UPI000F66B8D6,F1ZRM2_9FLAO,C0EJZ3_NEIFL,A0A6L5DSP1_9BACT,A0A2I1Z7Q9_9MICC,label
0.014383596,0.013460893,0.014249671,0.015711445,0.014024808,0.013942596,0.014673385,0.0129775135,0.01568943,0.013522534,0.0144736925,0.014083796,0.01677449,0.014151977,0.012859316,0.014322735,0.014819566,0.013566247,0.013999024,0.013247552,0.012795518,0.014868115,0.017374583,0.01346433,0.015141495,0.014007987,0.014155975,0.013758194,0.014118886,0.016165549,0
0.014443977,0.014537941,0.014660226,0.015410348,0.01512011,0.013326317,0.018969214,0.012282518,0.014929879,0.013119985,0.01442407,0.013131542,0.015596637,0.013923148,0.013285716,0.0127777,0.014736155,0.013878441,0.013954931,0.01383357,0.013468024,0.014232968,0.017477024,0.013515193,0.014252721,0.014017917,0.01435157,0.013867501,0.013723202,0.015610328,1
0.01503835,0.013588072,0.0152529115,0.015677052,0.013570469,0.014191497,0.012739546,0.013044809,0.01467847,0.013543017,0.01412703,0.013519928,0.016602846,0.013654133,0.013512935,0.013955442,0.014621964,0.013270487,0.013718965,0.013308101,0.0129267955,0.015065787,0.017614553,0.013716922,0.01595427,0.013536561,0.014039981,0.013907732,0.014000881,0.015921976,1
0.014373546,0.014440441,0.013760622,0.013943292,0.014543269,0.013980658,0.01621846,0.012029081,0.015139538,0.013352494,0.013559167,0.013356575,0.015477345,0.013583206,0.013540479,0.013457434,0.014846507,0.013742563,0.013833762,0.013723681,0.013225776,0.013735253,0.017396465,0.013480951,0.014821229,0.0135339955,0.014620134,0.014530929,0.013809469,0.01521849,0
0.01595417,0.014907049,0.015308722,0.015381452,0.014132225,0.014414557,0.017053697,0.012299273,0.014944758,0.013744389,0.013645936,0.01338344,0.014032507,0.014030733,0.0136233745,0.013598469,0.014914913,0.013482416,0.013831227,0.013819264,0.012581351,0.01395918,0.01661073,0.013643536,0.014077337,0.01370372,0.01442481,0.014098913,0.013881542,0.01472028,0
0.01497935,0.015129981,0.014652927,0.015798384,0.013749206,0.012686335,0.017953284,0.0129788825,0.013778018,0.013407935,0.014743383,0.012842646,0.014474167,0.013657401,0.013649438,0.013229809,0.01474321,0.01381906,0.014192442,0.014083955,0.0135041885,0.014606163,0.01620414,0.013702423,0.016313052,0.01410109,0.013946333,0.01445909,0.01397049,0.016039507,1
0.015816553,0.013883076,0.014699841,0.015352722,0.014306168,0.013520934,0.01589098,0.013164067,0.015074371,0.013752178,0.01466487,0.014684,0.015809046,0.014565929,0.013458971,0.0149834305,0.014879895,0.013456774,0.013881788,0.013330704,0.012444184,0.0147819705,0.016670072,0.01355031,0.015641287,0.013629478,0.014135049,0.014004516,0.014618205,0.016067311,1
0.0155377,0.013527855,0.015064424,0.015341603,0.013603038,0.013277733,0.0135482345,0.013030973,0.015532899,0.013143342,0.014603458,0.013652957,0.016168442,0.013792469,0.0132499505,0.014043835,0.014702848,0.013300614,0.013812566,0.013694624,0.013022475,0.014939967,0.016173935,0.014054197,0.015882693,0.013470706,0.014123934,0.01451672,0.013819961,0.015568761,1
0.015026353,0.013440062,0.015128874,0.0156261,0.013595933,0.014709901,0.014051708,0.013866696,0.013956062,0.014011766,0.013736105,0.013390223,0.016237516,0.013074942,0.014012133,0.014118158,0.01450461,0.013473202,0.0137602985,0.0133663,0.012980734,0.01593186,0.017439,0.013863282,0.016718937,0.01379011,0.014347673,0.014197262,0.013656323,0.016607372,1
0.0143947555,0.014153548,0.015570934,0.016067743,0.015193321,0.012931926,0.013595712,0.012693054,0.01445519,0.013369628,0.014176606,0.013044139,0.015543162,0.0138739245,0.014357724,0.01282703,0.015061021,0.013885019,0.013753989,0.014078168,0.013416328,0.013937774,0.016768005,0.01382709,0.014562959,0.013677729,0.014351803,0.014337484,0.01417413,0.015532797,1
0.014737987,0.014798853,0.014891455,0.015189777,0.013314539,0.013924487,0.016305638,0.01225444,0.015008179,0.013493212,0.013730659,0.013422022,0.014989258,0.013490738,0.0135451695,0.013494924,0.014751044,0.013821536,0.013816968,0.013634292,0.0129662715,0.013778187,0.01681449,0.013519083,0.01466645,0.013657129,0.014248308,0.0135791,0.013427284,0.015033758,0
0.014252532,0.01499322,0.014806857,0.015260744,0.013691935,0.012792078,0.016443368,0.012266135,0.013327808,0.013354806,0.013350124,0.01301494,0.015201206,0.013381199,0.013580411,0.013109766,0.014726833,0.013635793,0.014335773,0.013964502,0.013766089,0.013944982,0.01637126,0.013574655,0.014845957,0.013598686,0.014008846,0.015218631,0.013396188,0.0153110325,1
0.015599792,0.014808414,0.015089415,0.015657118,0.0135528045,0.014113681,0.015107333,0.014703009,0.0133835515,0.0136116585,0.013991107,0.013874924,0.01568324,0.013426643,0.013484997,0.014500091,0.014811055,0.013505584,0.013903505,0.013739083,0.012564437,0.014745621,0.016767533,0.013575905,0.015876118,0.013749468,0.014048331,0.0139787905,0.0135968765,0.015813097,0
0.014531329,0.013660719,0.014193406,0.0150489975,0.014315213,0.013571605,0.01645775,0.011456733,0.014333376,0.012862644,0.013771323,0.013580763,0.016175978,0.013164357,0.015243649,0.012817245,0.015187528,0.013560299,0.013540954,0.013854476,0.0135916835,0.014112519,0.016762016,0.013815412,0.015233034,0.013132707,0.014197502,0.015999503,0.0136446105,0.014922919,1
0.015919875,0.0134790465,0.013921615,0.014958795,0.013749285,0.014042636,0.017906811,0.015137179,0.0135801565,0.013598145,0.014113015,0.014253005,0.015287717,0.014745954,0.012627425,0.0140917525,0.014777213,0.014130657,0.013836011,0.013458481,0.013222641,0.014266304,0.016560704,0.0134341,0.014882252,0.013599238,0.0144040175,0.013666649,0.01419463,0.015753252,0
0.014742329,0.013234628,0.014367701,0.015235952,0.014515891,0.013670178,0.015896201,0.012508418,0.014666404,0.013130973,0.0143258115,0.013366508,0.016624061,0.014011062,0.013489454,0.013289822,0.014791774,0.0137148155,0.013840266,0.013776449,0.013354821,0.0142633105,0.017385328,0.013474392,0.015994007,0.014158258,0.014261947,0.014438277,0.014511492,0.016228942,1
0.0152050285,0.013793622,0.014034569,0.015510493,0.013826582,0.014167412,0.015419363,0.012778149,0.014541086,0.013128728,0.014373811,0.012576299,0.016329061,0.014127385,0.013288761,0.012724339,0.014825139,0.013450249,0.013800282,0.013573206,0.012940689,0.014319617,0.017792843,0.013831371,0.015414737,0.013799834,0.014097451,0.014101267,0.013949851,0.01524192,1
0.015564286,0.014857687,0.0152158765,0.016079256,0.014484172,0.01363292,0.018586341,0.014179024,0.015050164,0.015537026,0.013719018,0.013743246,0.014514328,0.013997669,0.014650374,0.013976441,0.015032593,0.014746834,0.01375897,0.014261919,0.012661108,0.014311051,0.015977822,0.013640811,0.014723107,0.01387357,0.014371845,0.0141750155,0.014183384,0.015203242,0
0.015564644,0.013892752,0.014146149,0.014596519,0.0144327255,0.014366055,0.01692574,0.012639786,0.014992859,0.0134515725,0.013464701,0.013847539,0.016071917,0.013944214,0.013945143,0.014027014,0.014876513,0.013742417,0.013592019,0.013891247,0.013373747,0.014206421,0.017483193,0.013412217,0.014469441,0.013651347,0.014588385,0.014085525,0.014167383,0.01495447,1
0.014807464,0.015105082,0.015012652,0.014444925,0.01443476,0.014572708,0.01732919,0.012292946,0.014732893,0.013354692,0.013856597,0.013354929,0.015277294,0.013221608,0.014732653,0.013224404,0.014889538,0.013793043,0.013836088,0.014075373,0.013009651,0.014283123,0.01685642,0.01317794,0.015751116,0.0133874025,0.015769035,0.013916449,0.0132226115,0.015477716,0
0.0147316735,0.013986587,0.01366535,0.015725026,0.013726084,0.01386031,0.016743528,0.012446588,0.014254894,0.014025864,0.014019921,0.013208793,0.015819542,0.013289898,0.014584768,0.013993793,0.014944,0.013569041,0.01371344,0.01395696,0.012857553,0.014026622,0.01632183,0.013588244,0.014351072,0.013394307,0.014413682,0.0139615955,0.014121891,0.014573189,0
0.01459811,0.013994727,0.015163313,0.015197696,0.01361619,0.014314011,0.017644161,0.012353207,0.013348819,0.012999854,0.014557672,0.014048961,0.015756752,0.013403251,0.013829327,0.013324175,0.014815231,0.013643657,0.013959412,0.013976044,0.013917256,0.014294978,0.01694689,0.013640599,0.014813288,0.01347346,0.014123934,0.014397147,0.013035555,0.015123886,1
0.014972999,0.01413587,0.015418231,0.01486529,0.0143784955,0.014305125,0.015961953,0.013340157,0.014084603,0.013310751,0.013848755,0.013672656,0.015598919,0.01313883,0.013605153,0.014244146,0.015244741,0.013857464,0.01397044,0.013933492,0.01323956,0.013945164,0.016825732,0.01285713,0.014891634,0.013445061,0.014760047,0.014241974,0.013856252,0.015395755,1
0.014445892,0.014177481,0.014773023,0.015402273,0.013547644,0.01358781,0.016461989,0.012399507,0.0136978,0.013480493,0.013877834,0.013263359,0.014158176,0.013423836,0.014059467,0.013557516,0.01483748,0.013795503,0.014010616,0.014014542,0.013206899,0.014084974,0.015780184,0.01327933,0.015205875,0.013549583,0.015255207,0.01451714,0.013712876,0.015423537,0
0.014907586,0.012994482,0.014787068,0.015603695,0.013585602,0.014220678,0.014568151,0.012331615,0.0148295425,0.013028294,0.01377324,0.013517202,0.016323,0.013881382,0.013263573,0.013602783,0.014660247,0.013594996,0.013821511,0.0132716745,0.013086365,0.015214709,0.016907118,0.013456119,0.015412511,0.013583755,0.014432354,0.013782586,0.014191568,0.015777797,1
0.014703452,0.014622471,0.016424922,0.01522485,0.014072537,0.014024985,0.0184615,0.01271662,0.0141197955,0.013500718,0.0137263695,0.0139522785,0.0137223005,0.013829122,0.01371805,0.013960536,0.015174747,0.013616722,0.0139803225,0.014075067,0.013091105,0.014518695,0.015983332,0.013432251,0.014830296,0.013467359,0.013800442,0.014792281,0.013871478,0.01531357,0
0.015783446,0.013545654,0.014632944,0.015025204,0.014412087,0.014017663,0.015083074,0.014692568,0.016034076,0.013029765,0.01428856,0.014611995,0.016459158,0.014351178,0.013037055,0.015031223,0.014926749,0.013351481,0.0139622055,0.013385172,0.012640845,0.014983833,0.017099686,0.013435896,0.015235071,0.013934783,0.014493453,0.014176119,0.014529772,0.015729016,0
0.014615229,0.013080187,0.01596602,0.01665217,0.01447785,0.01356486,0.018035034,0.012656634,0.014522017,0.013688581,0.01408897,0.0133629395,0.015017902,0.014324607,0.014528743,0.013550693,0.015300259,0.014442792,0.014080437,0.014242048,0.012767794,0.013959776,0.016342359,0.014286287,0.014024281,0.014206592,0.01421617,0.014579993,0.014541011,0.0153255435,0
0.015410352,0.014260584,0.014652476,0.01550747,0.013359145,0.014393844,0.017765848,0.014280597,0.013766543,0.013806993,0.013882508,0.014525603,0.015308503,0.014134244,0.014249917,0.014542712,0.01451661,0.014846792,0.013883986,0.013767714,0.012552282,0.0143196285,0.016414221,0.013703096,0.015068798,0.013461315,0.01437399,0.013632478,0.013894126,0.01502644,0
0.014147318,0.014771493,0.014766275,0.01489511,0.0147274025,0.014207072,0.018460913,0.012111803,0.014705632,0.013494351,0.01356568,0.013722368,0.015046204,0.0134544,0.0151928775,0.013212018,0.015165942,0.01396787,0.013716036,0.014064646,0.012886542,0.014271631,0.016780328,0.0135631785,0.014546187,0.013519928,0.01467619,0.014069545,0.01355525,0.015005584,0
0.014189461,0.014783641,0.014694494,0.0153766,0.015686857,0.013278479,0.018670883,0.012304395,0.014098628,0.013264234,0.01356877,0.013449994,0.014754571,0.013548162,0.014760516,0.013038336,0.015440898,0.014323186,0.013923106,0.014603698,0.014082547,0.013563002,0.017112507,0.013736601,0.013984743,0.013592422,0.014512522,0.014508275,0.013764355,0.014847234,0
0.01533721,0.014347217,0.014841323,0.015959466,0.013666537,0.014030861,0.015163998,0.012611113,0.015739862,0.0137068825,0.013753973,0.01258247,0.015508815,0.0139657045,0.013201326,0.014383314,0.014922807,0.014272817,0.01349954,0.014106538,0.012837652,0.014231289,0.016725661,0.013744334,0.0153014,0.01370578,0.014778407,0.013668336,0.014416219,0.015450348,0
0.01525415,0.015158145,0.01528646,0.016323822,0.014820565,0.013817976,0.016636359,0.012792095,0.015049719,0.014311633,0.01390219,0.013602361,0.013823843,0.014042618,0.015051604,0.013653594,0.015190076,0.015064637,0.013453291,0.014343236,0.012892365,0.013974558,0.015787419,0.013945487,0.014895515,0.013870134,0.014775563,0.013620699,0.014293279,0.015212456,0
0.015610165,0.013888923,0.014833088,0.015396768,0.01436712,0.014301217,0.016220292,0.012694173,0.016253315,0.013397069,0.0137513615,0.0146261705,0.0156141445,0.013976465,0.013863672,0.014024364,0.014932054,0.01371311,0.013675934,0.0139848655,0.012620379,0.013992722,0.016748067,0.013679241,0.015079224,0.013524868,0.014586666,0.013565695,0.014685425,0.015316757,0
0.014403812,0.014528582,0.014553829,0.015830012,0.013912382,0.0141489655,0.016367046,0.012159576,0.014271322,0.01316246,0.014468854,0.013818985,0.015269365,0.013030724,0.015267702,0.013395124,0.015157754,0.013743325,0.013590197,0.014378874,0.013391117,0.014028181,0.016758503,0.013852877,0.014733492,0.013491609,0.014703035,0.013388392,0.013341021,0.01527365,0
0.014095883,0.015140238,0.014872354,0.015766978,0.015169317,0.013697551,0.019433841,0.0124067515,0.0149651375,0.013612809,0.0139759565,0.01380078,0.014892635,0.012990462,0.016545694,0.013189379,0.015271357,0.014497218,0.013587813,0.014843256,0.013708859,0.014003964,0.016703349,0.013856449,0.014628145,0.01355504,0.01473568,0.014303174,0.013805578,0.015380373,0
0.015035919,0.013527434,0.015083856,0.015660822,0.013782817,0.013636051,0.016302252,0.012285984,0.014571967,0.013876118,0.014345209,0.013032114,0.014774189,0.0138172805,0.014076254,0.012819642,0.014964775,0.013933811,0.013678891,0.01387669,0.013351054,0.014588384,0.016727798,0.014054945,0.015460241,0.013785894,0.014205732,0.01382342,0.014252677,0.015484805,1
0.014300471,0.013934055,0.01612969,0.015307402,0.013382049,0.013855341,0.015195492,0.012441248,0.013845934,0.013197311,0.014876974,0.013749623,0.016442996,0.013538242,0.013265707,0.013743969,0.014463347,0.013492915,0.013594019,0.013233022,0.013492946,0.014956967,0.016558716,0.013494007,0.015874214,0.013487457,0.014298969,0.013565602,0.013715389,0.015845552,1
0.014938099,0.0134995645,0.014553007,0.0155338505,0.0137725305,0.0136145055,0.014935276,0.012145755,0.014798274,0.01363281,0.014508135,0.014135572,0.01525566,0.014142019,0.013870097,0.01349765,0.014416206,0.0141108455,0.013538829,0.013467563,0.012949911,0.015139667,0.017144822,0.013734868,0.016051069,0.013713476,0.014228478,0.013425338,0.014935762,0.016057266,1
0.01653652,0.013512024,0.0137554,0.0155825615,0.013830624,0.014175493,0.01417847,0.013382075,0.01536848,0.0135170985,0.014449095,0.013930156,0.014992492,0.014108686,0.013467566,0.014389311,0.0148486225,0.013547249,0.013762762,0.013975298,0.0127377985,0.015060321,0.016426321,0.013913053,0.015440769,0.013575499,0.014050357,0.013873382,0.014608815,0.016246496,0
0.014750569,0.013221995,0.014668202,0.01584411,0.014186709,0.013976094,0.015846351,0.012084882,0.01404585,0.013658044,0.014004343,0.013264801,0.016566675,0.014007339,0.013763647,0.013162777,0.014782012,0.013868881,0.013665269,0.013780075,0.0128920665,0.0150682805,0.017248776,0.013896401,0.015470832,0.01403721,0.014186223,0.014318516,0.014170425,0.016055165,1
0.014279491,0.014274979,0.017380763,0.015434536,0.0135905985,0.0134412125,0.018558053,0.011613286,0.012929798,0.013598706,0.013417579,0.013805187,0.015444744,0.013468452,0.0136714615,0.013910035,0.015047453,0.01470806,0.0139625175,0.013706153,0.013860298,0.013954931,0.016638897,0.0134676425,0.014154508,0.013648928,0.014920242,0.01474793,0.014351014,0.014845085,1
0.0161042,0.014404751,0.01496455,0.014742703,0.013654663,0.013862973,0.015341073,0.012353057,0.014677015,0.0136222895,0.014436926,0.013671212,0.015313406,0.013717917,0.013741248,0.01425426,0.014787769,0.013942718,0.013815124,0.0136493975,0.012496766,0.01492775,0.01614003,0.013613374,0.015884059,0.013386937,0.0141661195,0.013506574,0.013766779,0.0158443,1
0.014674993,0.014334685,0.014416439,0.015276873,0.0134454975,0.013563317,0.015766727,0.013018375,0.013372179,0.013815927,0.013618604,0.014930095,0.015068426,0.0134356115,0.013815986,0.014473928,0.014606784,0.0141234975,0.013707613,0.013707263,0.012642947,0.014320994,0.015511309,0.013493456,0.014395195,0.013352225,0.01422564,0.014276138,0.013358847,0.015200863,0
0.016021231,0.014335655,0.015545347,0.015071148,0.014423653,0.014277708,0.016769307,0.014767976,0.015565084,0.0136809535,0.013804775,0.014084196,0.014806889,0.013796569,0.013975355,0.015062906,0.0145542165,0.014220351,0.013723328,0.013649256,0.012202546,0.014504094,0.01645335,0.013381304,0.015766239,0.013458012,0.014302824,0.013417292,0.014063994,0.015076234,0
0.014165858,0.013990114,0.014218256,0.0150681175,0.013493017,0.013374028,0.016252467,0.012204956,0.013090125,0.012979384,0.013648463,0.013375013,0.015592807,0.0132168615,0.013659624,0.013083298,0.014283581,0.013563682,0.013816264,0.014056428,0.013738677,0.01424238,0.016777106,0.0135333035,0.015337729,0.013392799,0.013991106,0.014671345,0.013267919,0.015699895,1
0.013945815,0.013623197,0.014259234,0.015993794,0.013757519,0.013869441,0.017818928,0.012734623,0.014851646,0.014691051,0.0153543195,0.013032118,0.014442548,0.0139165325,0.013640892,0.013828522,0.014533491,0.014544765,0.01393644,0.013361546,0.012300517,0.015900789,0.016390875,0.013319368,0.016678471,0.013739511,0.015111733,0.014129691,0.014065958,0.017250327,1
0.014991142,0.013745826,0.014491014,0.016007155,0.013870615,0.014303358,0.014700588,0.013405897,0.013844125,0.0138998395,0.014888101,0.013468607,0.015873717,0.013180933,0.014235417,0.013929538,0.0148006175,0.013421049,0.013857088,0.014176933,0.012629214,0.015445232,0.01621095,0.013911041,0.015500183,0.013954401,0.014126521,0.013931578,0.013380332,0.016442955,1
0.015810756,0.013568066,0.0144222425,0.01572296,0.013936477,0.013581491,0.015303523,0.013173772,0.014390143,0.013641042,0.01425711,0.013573544,0.015757443,0.013700321,0.014239838,0.014377349,0.014352333,0.013625442,0.013713439,0.014041347,0.012221439,0.015512013,0.015862001,0.0139817465,0.016684785,0.013886966,0.014187855,0.013852822,0.0140865715,0.016607378,0
0.016170869,0.015709633,0.015407605,0.015430833,0.014988687,0.014251378,0.018667981,0.015132031,0.01637597,0.014337518,0.013603276,0.014014075,0.013927498,0.014411661,0.015305081,0.014403773,0.0153030725,0.014444655,0.013668801,0.0144383935,0.011966188,0.014038062,0.01687483,0.013814754,0.01477651,0.01390355,0.014455345,0.014059399,0.014492959,0.014841139,0
0.013964706,0.014455073,0.014441931,0.0146542825,0.0135055045,0.013373555,0.015702156,0.012224477,0.013343144,0.012956236,0.014198057,0.0127404425,0.014383279,0.012985371,0.013116251,0.012858745,0.014951364,0.013610778,0.014558962,0.01448965,0.013825763,0.014401565,0.016390929,0.013270324,0.015175725,0.01315191,0.013924018,0.015502977,0.013218562,0.0155546125,1
0.014821673,0.014366054,0.015638908,0.016204648,0.015860096,0.013994419,0.017751468,0.013076324,0.014790133,0.014412839,0.013803729,0.01360708,0.014857863,0.014186084,0.014310106,0.01388311,0.015368747,0.014683276,0.01395216,0.0144441165,0.012561416,0.014556864,0.016290836,0.0137934135,0.01465191,0.014149662,0.014533704,0.014546052,0.014703186,0.015875904,0
0.0141339,0.014359909,0.014789881,0.016282089,0.014801527,0.0130978115,0.017655788,0.013040599,0.014582193,0.013543483,0.013949896,0.013208537,0.014041899,0.013973161,0.014776942,0.012794611,0.014828478,0.013941462,0.013760632,0.014520648,0.012299496,0.014158379,0.016401676,0.014063907,0.015581445,0.013999141,0.0142826,0.0139720095,0.0140033,0.015644725,0
0.01462496,0.013925767,0.016014744,0.015497878,0.014013247,0.014097706,0.016138019,0.014784439,0.014473676,0.013275941,0.014011189,0.013716371,0.015462508,0.013076155,0.014184512,0.014070876,0.014594271,0.013701407,0.013995352,0.0145246545,0.012725878,0.014445807,0.01631857,0.013500942,0.015299477,0.013675591,0.014367832,0.0139826,0.013618339,0.01566326,0
0.014297999,0.014318443,0.015317798,0.015060457,0.013072488,0.01317102,0.017779768,0.012223162,0.013168853,0.013777748,0.0141353365,0.012971608,0.013780099,0.012920535,0.012620976,0.013633087,0.014715621,0.013527157,0.014543174,0.013927141,0.013606499,0.014822816,0.016102731,0.013182549,0.014923488,0.01353258,0.01439166,0.0154847065,0.013632913,0.015208977,1
0.014285815,0.013429647,0.015099353,0.015066782,0.013200203,0.013179496,0.015301995,0.012550631,0.013203808,0.013705252,0.015126983,0.013553965,0.014307321,0.013352559,0.013347519,0.013437077,0.0144233275,0.013760727,0.014104204,0.013858713,0.013816077,0.015922809,0.015562164,0.013548683,0.017131247,0.01274134,0.01470106,0.016141424,0.0137750665,0.01574011,1
0.015034252,0.014279552,0.015354974,0.015322915,0.015001763,0.013748428,0.017157929,0.012666678,0.013991848,0.013286748,0.013291279,0.0134667475,0.014771456,0.013324209,0.015358957,0.013448212,0.0149104325,0.013556311,0.013628086,0.014500589,0.012895963,0.014393092,0.016188616,0.0123935575,0.015046343,0.01390978,0.014928492,0.013846015,0.014286406,0.015385616,0
0.01582175,0.014316365,0.0144859925,0.015420011,0.013648682,0.013718209,0.016611708,0.012037613,0.013237538,0.013371177,0.014736127,0.013512768,0.01608558,0.013596547,0.0135468,0.014170334,0.014816641,0.014032592,0.014357317,0.014380728,0.012854362,0.015116988,0.015184239,0.0136855785,0.016104221,0.01390918,0.013905113,0.014084082,0.013418625,0.015594988,1
0.014437261,0.0137151675,0.01659389,0.015385593,0.014130505,0.0134336315,0.017372916,0.012696697,0.0146111855,0.013707474,0.014241739,0.013393792,0.015104686,0.0135326,0.013593131,0.01308236,0.014767518,0.013735401,0.013594428,0.014023342,0.013346124,0.014693154,0.016102051,0.013618329,0.014866329,0.013509361,0.014231243,0.014617059,0.014377033,0.015855681,1
0.015350736,0.01361404,0.015450496,0.0149960965,0.014335436,0.014312389,0.016962688,0.01293117,0.015450467,0.013535481,0.013429757,0.014045253,0.016021771,0.014014108,0.012788438,0.014039959,0.015156362,0.013873163,0.01374574,0.013856817,0.012710264,0.014511552,0.016170109,0.013672666,0.01451613,0.013328719,0.014395733,0.014157251,0.015001188,0.014993141,0
0.016335113,0.013783587,0.015585143,0.015240257,0.01382806,0.0140109,0.016180467,0.014513398,0.014198227,0.013161519,0.013497141,0.014014531,0.015611744,0.013608319,0.0141440015,0.014209874,0.014517964,0.013841758,0.013697921,0.013720198,0.012397527,0.014487106,0.015713142,0.013910438,0.014705725,0.013259437,0.014421581,0.013806621,0.013747003,0.015283133,0
0.015868662,0.015001997,0.015080878,0.015554125,0.013889295,0.014100846,0.015758289,0.0128205605,0.014889672,0.013430883,0.013448296,0.014525619,0.015240047,0.013402259,0.014511861,0.014802001,0.0146447215,0.013843626,0.013696013,0.013977727,0.012041198,0.014647502,0.016280552,0.013427292,0.015330934,0.013588191,0.014917092,0.013547062,0.01372073,0.0152815655,0
0.014348164,0.01448775,0.014703813,0.014862643,0.014706732,0.013996645,0.01822861,0.01223427,0.015189891,0.01351491,0.013471267,0.0137492595,0.01532035,0.013237718,0.014871361,0.013036056,0.015129116,0.014176593,0.013646542,0.014686505,0.0131857935,0.013809209,0.016599597,0.013441681,0.01419821,0.013427386,0.014786381,0.014226038,0.013978769,0.014854378,0
0.01583097,0.015929304,0.015523745,0.016069686,0.014306049,0.014225644,0.018171279,0.014364482,0.014881408,0.014874096,0.014320006,0.014158522,0.013770633,0.013810423,0.014911694,0.014269844,0.014960149,0.014778495,0.013747027,0.013981493,0.012443518,0.01444111,0.016042523,0.013847119,0.015016328,0.014161913,0.014936293,0.014027156,0.014439033,0.015288183,0
0.015066434,0.014904521,0.015712071,0.015412967,0.015064913,0.013938685,0.019297922,0.013100186,0.0135186305,0.013680082,0.013512029,0.013881838,0.0139145935,0.014051106,0.015613898,0.013897452,0.0155462865,0.014452674,0.014163113,0.014902931,0.01301706,0.014278192,0.01544867,0.0135060605,0.01386748,0.013564695,0.014167191,0.014410427,0.014227196,0.014758489,0
0.015578236,0.0141219245,0.015205438,0.015482427,0.014255528,0.013123658,0.018189898,0.013316143,0.014427502,0.013329291,0.014690143,0.013483591,0.015033404,0.014183163,0.013503476,0.013544051,0.014718153,0.014393158,0.013833769,0.013906803,0.013206897,0.014735854,0.01591425,0.013770686,0.014856121,0.014380479,0.014278433,0.014078904,0.014217921,0.015541009,0
0.01430676,0.015101101,0.014958713,0.014975683,0.01336423,0.013118494,0.017573966,0.011999771,0.012950741,0.013491226,0.013980617,0.014179964,0.015002477,0.01335465,0.01327219,0.013653652,0.014724021,0.01349068,0.014205287,0.014163493,0.013055257,0.014140148,0.01580785,0.013309144,0.014443401,0.013441717,0.014439908,0.014726732,0.0134294005,0.015318328,1
0.014480368,0.014563796,0.014490181,0.015274902,0.014066319,0.013113837,0.018342847,0.013152333,0.013388382,0.012828022,0.013540844,0.014258991,0.015828969,0.013673233,0.014379279,0.012629651,0.014483698,0.013641198,0.013938634,0.014482383,0.013094905,0.014394418,0.016101414,0.013404878,0.014942571,0.013568985,0.014228477,0.014351267,0.013426501,0.015536355,1
0.01412914,0.015010996,0.014063564,0.015014496,0.013635559,0.014195741,0.018162314,0.012268868,0.013642736,0.013882073,0.013906246,0.013942641,0.014874063,0.012979598,0.014052442,0.013677345,0.014601921,0.0141202435,0.013796602,0.013739896,0.013025538,0.014346257,0.015687948,0.013319165,0.014720508,0.013345602,0.0149084255,0.014366839,0.013193857,0.015154231,1
0.014917737,0.013811033,0.014106705,0.01550674,0.013989763,0.013437474,0.017635724,0.01225406,0.013684356,0.013336146,0.014238176,0.013853421,0.015579212,0.013490964,0.013569556,0.013071099,0.015094441,0.013830706,0.01394474,0.014329003,0.013412435,0.014709282,0.01608156,0.013776772,0.01354928,0.013519504,0.014145648,0.014453194,0.013733527,0.015335501,1
0.01416646,0.014065304,0.013838227,0.015317219,0.013464265,0.013471738,0.0130772,0.011960999,0.012953806,0.013437219,0.014684084,0.014049075,0.015659224,0.01204875,0.0138819115,0.013366575,0.014439958,0.013685354,0.013725998,0.013538591,0.013442204,0.015564012,0.016536787,0.012822706,0.01535251,0.013500389,0.01378205,0.012766817,0.012835392,0.016507493,1
0.014974908,0.015402851,0.015158168,0.014890264,0.014912509,0.013916707,0.019568108,0.012704011,0.013636979,0.013185973,0.014045724,0.013745118,0.014991496,0.013148092,0.01581979,0.013312411,0.014914895,0.013680386,0.0140432175,0.014894522,0.0124670835,0.014987459,0.016309915,0.013225023,0.015862094,0.013488483,0.014366475,0.015773382,0.012453652,0.01622922,0
0.01447803,0.014668723,0.014041473,0.015977962,0.01439057,0.013693447,0.019525707,0.012530566,0.014866756,0.01487844,0.014122263,0.013928957,0.015198962,0.01339561,0.015266662,0.01348652,0.015149742,0.014668626,0.013636241,0.013938416,0.012276666,0.014590638,0.016432842,0.013712503,0.014648714,0.013946213,0.01464464,0.013800529,0.013965905,0.015588778,0
0.015740441,0.014452964,0.015384257,0.015744882,0.013948656,0.01405251,0.016722659,0.012245977,0.017299358,0.013510686,0.01339555,0.013540243,0.014926619,0.01387432,0.014577793,0.013703775,0.014750704,0.014157265,0.013636972,0.014213516,0.012204515,0.014707983,0.016617745,0.013647836,0.01475812,0.013896079,0.014102046,0.01379719,0.014089889,0.01547501,0
0.016083319,0.014997134,0.014744916,0.014839188,0.014596491,0.014148181,0.015303787,0.013887276,0.015245448,0.013391526,0.013707861,0.013249299,0.014188351,0.013913923,0.0150915375,0.01351576,0.015173414,0.014211062,0.014131118,0.014055569,0.012589019,0.013933212,0.016895402,0.013428379,0.014569858,0.013711125,0.01485806,0.013661836,0.013647841,0.015062101,1
0.014996766,0.013745235,0.015131196,0.01520211,0.013886683,0.013902758,0.014382145,0.011748753,0.0144848665,0.013166054,0.013689995,0.01338292,0.015619472,0.01348465,0.013970571,0.013246729,0.0145448325,0.013553222,0.0138957435,0.013683528,0.012503258,0.015604998,0.0171644,0.01292542,0.015812537,0.013558282,0.013903034,0.013852587,0.013497562,0.016381713,1
0.014218246,0.014103202,0.014516253,0.01609703,0.013171705,0.012982967,0.017289298,0.012158271,0.013311028,0.013526746,0.014861132,0.01313941,0.014794181,0.0130157545,0.013477964,0.013147602,0.015038573,0.013011136,0.014063502,0.014349201,0.014352375,0.014289882,0.015527597,0.0137628615,0.0154001545,0.013524677,0.013639046,0.015896255,0.013698982,0.015745072,1
0.015671473,0.013654444,0.014828413,0.015892696,0.014187616,0.013987405,0.015749715,0.013405108,0.015490645,0.01375746,0.014185578,0.013624133,0.014892995,0.013985415,0.013959528,0.0137795,0.015130987,0.014301033,0.014054469,0.014101339,0.01279101,0.014641558,0.016518844,0.01395092,0.015186267,0.014369705,0.014140342,0.01456178,0.014534622,0.015797455,0
0.01528115,0.013934399,0.017227035,0.015783764,0.014091131,0.013668063,0.0163729,0.013381874,0.014253359,0.013687306,0.014544926,0.0140693905,0.015223531,0.013535784,0.013203161,0.01390346,0.01463552,0.013654031,0.013564567,0.014271518,0.0127206445,0.014781748,0.015982552,0.013876282,0.015616028,0.0137967095,0.013959609,0.014661889,0.013640978,0.015873678,0
0.014883882,0.013706655,0.01564811,0.015855754,0.013813158,0.0139442105,0.014072726,0.012665055,0.014172423,0.013575296,0.014069272,0.01333722,0.01628016,0.013496361,0.013555095,0.013747466,0.014354546,0.0135281505,0.013747115,0.013576365,0.012534227,0.015211623,0.01723221,0.01334912,0.016816823,0.0138369575,0.014083459,0.013578788,0.013980248,0.016525403,1
0.014852053,0.014702812,0.015250775,0.015222995,0.013983027,0.013628596,0.018637829,0.012488893,0.014531401,0.013768337,0.013804816,0.0131520545,0.014109451,0.0133016845,0.014212618,0.013091982,0.01522143,0.013686712,0.013734799,0.014530879,0.013120547,0.014323383,0.016267138,0.013553913,0.014562033,0.01341808,0.014205974,0.015122247,0.013439171,0.0155136,0
0.015816238,0.01330896,0.015479004,0.015480865,0.015223818,0.013390295,0.018436458,0.013022543,0.014701185,0.013332588,0.013504052,0.01378068,0.014979246,0.014426349,0.013717683,0.01413853,0.014919449,0.014164541,0.01410195,0.014006068,0.011856326,0.014673479,0.016704889,0.013513645,0.015139266,0.0142297875,0.014184649,0.014152536,0.01419077,0.015424227,0
0.014225668,0.013337965,0.013809326,0.015053261,0.013743078,0.013871863,0.015314985,0.011456224,0.0136055965,0.014535106,0.0137122,0.013214595,0.015744204,0.012690322,0.013598174,0.01303033,0.0151774995,0.013805627,0.0136653455,0.013747178,0.013747437,0.01419289,0.016410628,0.013345106,0.01428933,0.013275642,0.0146624325,0.014244864,0.013781419,0.01478751,1
0.01539462,0.014211465,0.015570822,0.0150803635,0.0132983215,0.013817156,0.015224218,0.015392677,0.013966808,0.013989404,0.014825726,0.015095671,0.013706576,0.01328656,0.013378886,0.014751851,0.014765533,0.015152794,0.014411036,0.013326707,0.012974079,0.016141795,0.015840378,0.012952418,0.015141187,0.013280674,0.014769512,0.016437637,0.013852866,0.016387252,1
0.014487433,0.015330603,0.015005362,0.015469309,0.015095476,0.014096821,0.017525071,0.013083205,0.01442975,0.013858887,0.013237383,0.0140736895,0.01480968,0.01316031,0.01467326,0.013892169,0.015110383,0.014141967,0.01368608,0.014287896,0.012896454,0.013627057,0.016246898,0.013237686,0.014125813,0.013441192,0.014302822,0.01426775,0.013648908,0.014864325,0
0.014677136,0.014658574,0.016055916,0.014892209,0.013510532,0.013676192,0.016245091,0.012214234,0.01343361,0.013195039,0.014563004,0.01353361,0.01571182,0.013154431,0.013787335,0.013998927,0.014399966,0.013567306,0.013659267,0.013778336,0.013194181,0.014618512,0.015923074,0.0133814905,0.016324757,0.013538283,0.015149971,0.014587183,0.013235574,0.016088434,1
0.014433707,0.014256285,0.013925818,0.015688548,0.013317651,0.012781128,0.0151706515,0.013087728,0.014001085,0.014261596,0.0141780125,0.012983258,0.015053712,0.013458228,0.01340711,0.013921362,0.014645434,0.015452131,0.013923106,0.013731785,0.012885892,0.014603764,0.016134914,0.013434052,0.014846128,0.013474746,0.014000913,0.013695237,0.01366215,0.015789336,1
0.0153137,0.014518703,0.015721736,0.015220725,0.014173574,0.014333024,0.01687266,0.013184378,0.0140063185,0.013479549,0.013737095,0.013017358,0.015167547,0.013536079,0.014055966,0.013796455,0.014817602,0.013836642,0.013644906,0.01409744,0.012888187,0.014372046,0.01608554,0.013493309,0.014814564,0.013629294,0.014415561,0.014046434,0.013730347,0.015723608,0
0.014547068,0.01507706,0.015382214,0.015364783,0.014564078,0.013784468,0.017641533,0.013411402,0.015343301,0.013803112,0.013548233,0.013282374,0.014563409,0.013254696,0.015392833,0.013170937,0.014952031,0.014147805,0.013629221,0.0147846015,0.012765157,0.01393024,0.016662557,0.013318976,0.014774634,0.013548393,0.01461848,0.013890831,0.013498166,0.015448812,0
0.014625953,0.014408011,0.0143914195,0.014398548,0.01375323,0.013273439,0.015529798,0.012006219,0.0133241685,0.013236086,0.01351596,0.012876625,0.0154479,0.013220765,0.013098621,0.013758955,0.014566259,0.013222431,0.014145324,0.013808521,0.013450299,0.015068551,0.016158754,0.013026061,0.01617031,0.013366119,0.014656705,0.014897092,0.01323773,0.016014354,1
0.016463844,0.014720485,0.0146160405,0.015931787,0.014805769,0.013988586,0.017363628,0.013112444,0.016034704,0.014329269,0.013907158,0.013943158,0.013797997,0.013901056,0.015006035,0.01414526,0.015045488,0.014551746,0.013711292,0.013989752,0.012253896,0.014300752,0.016439136,0.013345721,0.01463255,0.013938668,0.014238561,0.0135063995,0.014392962,0.01542856,0
0.015090428,0.014171588,0.015019596,0.014955423,0.013847728,0.013029885,0.016162802,0.012746056,0.01426243,0.0128267985,0.014676258,0.01300324,0.016026845,0.013798188,0.013242471,0.013482728,0.0145436935,0.013794217,0.01386434,0.013700778,0.013215248,0.015183447,0.01654653,0.01319132,0.015926363,0.0137489075,0.014104749,0.013960749,0.013810907,0.01670272,1
0.014250197,0.014183313,0.014378708,0.016045392,0.013642012,0.013573806,0.015707823,0.012672941,0.013656293,0.014190292,0.014168527,0.012315979,0.015095838,0.013022103,0.0137613,0.013214486,0.015371221,0.013341024,0.013798829,0.014510344,0.013474665,0.014916318,0.015616692,0.013638897,0.0149337305,0.013531483,0.013588378,0.014531743,0.013780245,0.016152836,1
0.014737289,0.014941195,0.015141118,0.015808476,0.014126957,0.014026507,0.016534604,0.012495046,0.013200129,0.013458282,0.014365225,0.014943016,0.015584443,0.013357412,0.014179146,0.013645781,0.01478882,0.0136994785,0.013933478,0.014380346,0.012774432,0.014264941,0.015816329,0.013340529,0.015679121,0.013505606,0.013813802,0.014257076,0.01291668,0.015832843,0
0.0148106245,0.01381695,0.015412555,0.0152543085,0.014343157,0.0138001265,0.016259499,0.012593971,0.016124593,0.013766927,0.013806114,0.013237537,0.015875628,0.0139719,0.012837892,0.013860583,0.014801585,0.013856335,0.013519953,0.013758696,0.012913662,0.014107734,0.017037442,0.013307847,0.01496351,0.0141106285,0.014189329,0.014179992,0.014884094,0.015547841,0
0.014818945,0.013858688,0.015388142,0.015207951,0.014313591,0.013835658,0.016217016,0.01270172,0.016134467,0.013803934,0.013771452,0.013250008,0.01585319,0.013900254,0.012917668,0.0137871215,0.014749152,0.013919318,0.01351928,0.013777901,0.012940568,0.014087748,0.017048968,0.013238448,0.0146668,0.0140850935,0.014230872,0.014107596,0.014839222,0.015541256,1
0.015138738,0.013949748,0.0143652735,0.015915988,0.014077945,0.013898521,0.01605741,0.012452392,0.015829956,0.0136641795,0.013756086,0.013144163,0.015693309,0.013575856,0.01475495,0.013414864,0.014825183,0.013720942,0.013399453,0.014432182,0.0127330655,0.0143019855,0.016603319,0.013624944,0.014678572,0.013653301,0.014023532,0.013855743,0.014056887,0.01574468,0
0.01532931,0.014856661,0.015278514,0.014737864,0.013692268,0.013808484,0.014766962,0.013427631,0.013329652,0.0131556,0.014278742,0.012217521,0.015777059,0.013571583,0.013746112,0.014326178,0.014536132,0.013642853,0.013942232,0.013932212,0.012563078,0.015288133,0.015244724,0.012921291,0.015825033,0.013257431,0.013472477,0.014026806,0.013460651,0.01630852,1
0.015652167,0.014470896,0.014759024,0.0155075425,0.013823394,0.014348862,0.015562615,0.013570253,0.015130952,0.013223095,0.014190957,0.013864357,0.015601361,0.014033188,0.014145124,0.014241399,0.014882455,0.013306508,0.013703858,0.0135480715,0.012048721,0.013784328,0.01666559,0.013542805,0.014911808,0.013764063,0.014306727,0.013482437,0.014051387,0.015669568,0
0.015390709,0.014337817,0.016202701,0.014880904,0.013748583,0.014160405,0.015839964,0.013620397,0.015859433,0.01329314,0.014054016,0.013193895,0.015380354,0.013772354,0.013529976,0.014027804,0.014714591,0.013698905,0.013826421,0.013329977,0.012276898,0.015202048,0.017408619,0.013059805,0.015855897,0.013720694,0.013977894,0.014058419,0.0136906635,0.016219819,1
0.015378819,0.015698794,0.014931006,0.016154049,0.014941103,0.014117858,0.019056069,0.012904273,0.015581326,0.014169008,0.01353831,0.013342423,0.014428231,0.013926831,0.015685096,0.013835697,0.015022582,0.01458058,0.013757778,0.014065922,0.011920148,0.013694793,0.017041335,0.013555884,0.013780076,0.014030451,0.0145047465,0.013214759,0.013664614,0.015112426,0
0.015170869,0.014264048,0.014644165,0.016266316,0.014233643,0.0138733145,0.016939327,0.013121649,0.014016041,0.013851972,0.014277736,0.013283063,0.015223062,0.014100601,0.01459183,0.0135320015,0.015334929,0.013919801,0.014061698,0.014504928,0.012281624,0.013982216,0.016108546,0.014184895,0.015475822,0.014144536,0.01410451,0.014214691,0.01412291,0.016175948,1
0.014688595,0.013722416,0.014328969,0.015377342,0.013571334,0.014146716,0.013811718,0.011898697,0.013880788,0.013519035,0.013867348,0.01333827,0.016288549,0.01303781,0.0137151675,0.013218194,0.015251821,0.013208601,0.013862426,0.013975449,0.013196725,0.01462229,0.016404444,0.013679447,0.014488349,0.013027129,0.0141613735,0.014210933,0.013597032,0.01557563,1
0.014490805,0.014224894,0.014823452,0.016207373,0.0150911175,0.01348154,0.017957952,0.012303139,0.014796836,0.013959293,0.013953998,0.013273373,0.0142430235,0.014025923,0.014733908,0.012924647,0.014981044,0.014588942,0.013739504,0.014098773,0.012945379,0.014424064,0.017263183,0.013868114,0.014704013,0.0141718425,0.014297486,0.014110541,0.014237084,0.015413197,0
0.014810159,0.013787546,0.016864242,0.01557069,0.013576474,0.013764041,0.0146141555,0.012086379,0.01400546,0.013257739,0.014381766,0.012483677,0.015812865,0.013268559,0.013031664,0.013737106,0.014952072,0.012904871,0.013568231,0.013916853,0.013683906,0.014145397,0.016676664,0.013723894,0.015416977,0.013490504,0.01404695,0.014958782,0.013581932,0.015845673,1
0.01452849,0.013274562,0.014328223,0.015066502,0.014450815,0.013160915,0.0153348595,0.012474827,0.01508013,0.013550423,0.013802832,0.0133554125,0.015064335,0.013374463,0.01369528,0.013581075,0.015010577,0.013697934,0.013870336,0.013947343,0.013294552,0.014418065,0.016690744,0.013503079,0.015799295,0.01361664,0.014326864,0.014183999,0.014798162,0.015937801,1
0.015262353,0.01477839,0.015395752,0.015645204,0.015363369,0.01374219,0.018720556,0.013671934,0.01500097,0.01388133,0.0132166175,0.013855655,0.014381652,0.01439917,0.013705843,0.014072962,0.014878702,0.014667298,0.0137604885,0.013949745,0.0124745965,0.013814226,0.017315073,0.01347505,0.014499334,0.014180724,0.014717382,0.013584881,0.014122101,0.0151996715,0
0.015319389,0.0140944505,0.015085285,0.015906954,0.01372706,0.013943354,0.014622782,0.012648611,0.01461313,0.013387638,0.014128628,0.013294452,0.014976894,0.013369493,0.014575641,0.014072975,0.014836158,0.013546387,0.013625814,0.01447908,0.0121378545,0.014623616,0.01641322,0.013836029,0.016303377,0.013452613,0.0141509455,0.01367782,0.013879549,0.016347082,0
0.015241894,0.014268861,0.01502436,0.0153557565,0.01449937,0.01440501,0.016061006,0.013478561,0.015171866,0.013945187,0.013618741,0.013919206,0.015019023,0.014031015,0.014434927,0.014237842,0.015131003,0.014349549,0.01383261,0.01405917,0.012095519,0.014064421,0.016799515,0.013947664,0.015218446,0.0135067515,0.014454696,0.013546822,0.014226722,0.015182546,0
0.015637886,0.014577178,0.01513221,0.016592693,0.01507242,0.014239604,0.018423984,0.0132508855,0.015365834,0.014632761,0.013945545,0.014175489,0.014947795,0.014160833,0.015050997,0.014310961,0.015638443,0.01488519,0.0140090855,0.014514318,0.012477172,0.01417454,0.016326034,0.014464607,0.013597494,0.014268889,0.014256254,0.014315154,0.014794584,0.015237266,0
0.014923951,0.014231708,0.015328253,0.015281738,0.014682441,0.014351692,0.01610401,0.013312599,0.015051983,0.013098892,0.013808341,0.013275552,0.014844895,0.014109013,0.013375174,0.014298113,0.015104695,0.01401723,0.013575945,0.01364563,0.012166449,0.014008176,0.017070001,0.013834523,0.015404898,0.013726364,0.014241656,0.0138949165,0.01417442,0.015637966,0
0.0145717,0.0144638335,0.015232731,0.015472361,0.014135851,0.013455029,0.016263628,0.012107915,0.014573128,0.013209198,0.0134176845,0.013029552,0.015460763,0.013331327,0.013419748,0.01306397,0.014609946,0.01307618,0.013757962,0.014269213,0.013320966,0.014081036,0.016846165,0.013452517,0.014916096,0.013503511,0.014446548,0.014508883,0.013269771,0.015700549,0
0.014843264,0.015329827,0.0157848,0.014866284,0.014037846,0.014281876,0.018073637,0.012557174,0.014517371,0.013343086,0.013716669,0.013693719,0.015494285,0.013280759,0.01542651,0.014228861,0.014982901,0.013844014,0.014049561,0.013858824,0.012590683,0.014264503,0.016660722,0.013414693,0.014455674,0.013370294,0.0149428565,0.014627722,0.01324294,0.015009339,1
0.014855647,0.01435563,0.014327971,0.015442416,0.0138057405,0.014306502,0.015606561,0.012357111,0.015758254,0.014011033,0.0140907075,0.013596432,0.016840091,0.013372507,0.01522359,0.0136767,0.014957269,0.014168184,0.014045467,0.014057807,0.01229532,0.014088722,0.017322276,0.013727342,0.015022492,0.013647542,0.014714729,0.013480191,0.0138580175,0.015680375,1
0.01408105,0.01396852,0.015812613,0.01601186,0.013738451,0.013374996,0.016312089,0.011887668,0.013226899,0.013407362,0.014698592,0.012812869,0.015640862,0.013378695,0.014205384,0.013058551,0.015177595,0.013582227,0.013890476,0.014029539,0.013426711,0.0151846595,0.016352154,0.013725688,0.015508235,0.013761555,0.013767757,0.014982136,0.014212438,0.016881159,1
0.01504884,0.013712046,0.016243622,0.015112139,0.01380606,0.014356996,0.015121732,0.012244219,0.015425686,0.013428133,0.013500475,0.013297875,0.015671479,0.013358495,0.013867225,0.01355947,0.014985731,0.013304786,0.013689915,0.013860311,0.012784972,0.014268842,0.0169677,0.013645946,0.012782544,0.01338876,0.014051273,0.014059101,0.013687936,0.015368673,0
0.014518438,0.013767864,0.014291678,0.016469149,0.014099702,0.0137396,0.016784573,0.012193044,0.01397944,0.014055429,0.014071921,0.013363477,0.016157577,0.014023849,0.014141356,0.013111348,0.015024155,0.014159995,0.013889305,0.013857457,0.012676449,0.014048787,0.01693716,0.014099241,0.015027765,0.014336361,0.013922452,0.014456417,0.0140842395,0.015774388,0
0.015358308,0.014456584,0.014029052,0.016598232,0.013889867,0.013561784,0.017446764,0.012989478,0.014201485,0.013618748,0.013799846,0.013906715,0.0153228305,0.013390609,0.014766913,0.014036714,0.015026243,0.01403984,0.01400892,0.014321395,0.012151555,0.014372009,0.015886523,0.014155714,0.013914626,0.013985451,0.013706609,0.013971289,0.013656202,0.015736943,0
0.014339475,0.014170228,0.016929384,0.015379674,0.0139851505,0.013744205,0.017572438,0.01245951,0.013141375,0.013233136,0.013956882,0.014528674,0.01549138,0.013250344,0.013098888,0.013609068,0.014524773,0.013614091,0.013942272,0.013366611,0.012611031,0.014608986,0.016763125,0.013294061,0.014149594,0.013235065,0.013749367,0.013724424,0.013279966,0.01563604,0
0.014805179,0.014652707,0.014940703,0.016114952,0.015385972,0.013847391,0.017625567,0.012267744,0.014821711,0.01387781,0.013724209,0.013193225,0.014664953,0.014336815,0.014027176,0.0134500805,0.0150672095,0.014519616,0.01382239,0.014009508,0.012607477,0.013886214,0.016699271,0.013745976,0.014081856,0.01404313,0.014308321,0.013990684,0.014306952,0.015320561,0
0.015978271,0.014185043,0.015301856,0.015016502,0.014035694,0.01373402,0.017534243,0.014530984,0.014484337,0.013393142,0.01359272,0.014304113,0.014843206,0.014063042,0.013986781,0.014323814,0.014626707,0.014432011,0.014037873,0.0139345415,0.012414131,0.014030629,0.016247487,0.01562547,0.014864464,0.013802542,0.013904457,0.013833321,0.013851086,0.014723908,0
0.014944996,0.014200463,0.01657889,0.01563906,0.014404644,0.013957445,0.017314803,0.01248469,0.0141691035,0.013245767,0.014149028,0.012914698,0.014922057,0.013960518,0.014260611,0.013423336,0.014450238,0.013764425,0.01381804,0.013979103,0.012830382,0.014754795,0.016924893,0.013613108,0.016330142,0.01393805,0.014263564,0.014028057,0.013782028,0.015830725,1
0.014349888,0.013654927,0.017104294,0.016213978,0.013661839,0.0134017505,0.016296832,0.012919857,0.013171442,0.013814037,0.015356901,0.013463935,0.015457463,0.013234884,0.013602176,0.013335261,0.014469648,0.0135071,0.013903816,0.0137769915,0.013041845,0.016450517,0.015957775,0.013674575,0.01694331,0.013701836,0.013848872,0.014486167,0.01385774,0.01764147,1
0.014021438,0.013991571,0.014856091,0.016658682,0.013861846,0.013492053,0.015599455,0.012427421,0.013898037,0.014107645,0.014173063,0.012936916,0.015397719,0.013525296,0.014310315,0.013085843,0.014678871,0.013922726,0.013875605,0.01424225,0.013461619,0.015067546,0.015717385,0.013833851,0.013281008,0.013866321,0.013974132,0.014523653,0.014087981,0.015972218,1
0.015390115,0.014979087,0.015036321,0.015655534,0.014314207,0.013826897,0.019176051,0.0148964785,0.0145849,0.01376547,0.013490824,0.014565037,0.014822359,0.014646172,0.01524015,0.014244929,0.015004551,0.014368033,0.013714842,0.0142938765,0.0125620505,0.013962143,0.016445534,0.013611501,0.014161001,0.013767044,0.01416135,0.013921323,0.013769572,0.014867261,0
0.015003463,0.014138526,0.015283037,0.016468016,0.015078506,0.0130861625,0.018833151,0.013165175,0.015036597,0.013935803,0.013382908,0.013475071,0.014757868,0.013682209,0.016623657,0.013222851,0.015148123,0.014302537,0.013659722,0.014905997,0.012999978,0.0135565605,0.016622597,0.01408762,0.01409639,0.0136946,0.014264966,0.014335637,0.014426952,0.014940981,0
0.0153381135,0.014567548,0.015465139,0.016116781,0.014731371,0.014233867,0.01812827,0.013561887,0.01435759,0.014195714,0.014015236,0.013548461,0.014350463,0.013771189,0.014859451,0.013914187,0.014941495,0.014567636,0.013915427,0.014409537,0.012329975,0.0145215355,0.016001869,0.0140217785,0.014917445,0.01382713,0.01412592,0.014026861,0.0141737,0.015364472,0
0.01429717,0.014201619,0.01724414,0.015780909,0.013898296,0.013660559,0.018057568,0.01256964,0.014296041,0.013620475,0.014041105,0.0129848095,0.015916951,0.013427114,0.01401062,0.012762446,0.014752149,0.01349521,0.013453307,0.014209419,0.013145197,0.014273019,0.016564077,0.01354309,0.015158611,0.013747964,0.013859496,0.014403694,0.013166364,0.015388784,1
0.014151018,0.013728859,0.0148727,0.014884704,0.013046837,0.01330555,0.0163279,0.012179561,0.013951842,0.013028667,0.014845349,0.013011423,0.01494428,0.012862814,0.013008156,0.012847864,0.015655544,0.013506489,0.013968313,0.014115583,0.013512237,0.014843844,0.0162864,0.013559205,0.015588387,0.013283576,0.013780995,0.016672432,0.0137388315,0.015929567,1
0.015748868,0.014093474,0.015797695,0.014748467,0.014512797,0.014237382,0.017505808,0.013072928,0.014919548,0.013652827,0.013466902,0.0131227905,0.013884486,0.013229403,0.012962167,0.013665667,0.01503448,0.014102262,0.013710524,0.013931553,0.01278244,0.013877644,0.016151225,0.013716868,0.014722716,0.01360681,0.014346943,0.0143687,0.013598241,0.015424606,0
0.015482263,0.013339242,0.013783001,0.015644586,0.014452247,0.013787049,0.015391724,0.013203297,0.0153902285,0.013566329,0.0132914195,0.013618136,0.015890783,0.014034467,0.013550868,0.014116293,0.014710888,0.013749791,0.013614726,0.01363723,0.012611939,0.014870187,0.016989663,0.013550103,0.015638687,0.014222241,0.013901104,0.014200834,0.0144976005,0.016260985,0
0.014094506,0.013531922,0.017415678,0.015124472,0.013742862,0.014088471,0.01439039,0.012223293,0.0142803285,0.013630765,0.014088542,0.013230664,0.01612688,0.012823228,0.0129543245,0.013521132,0.014520976,0.013055403,0.013724035,0.013588882,0.013521485,0.0140961455,0.016944172,0.013514949,0.0153070185,0.013257788,0.014347745,0.014527808,0.014056422,0.015243563,1
0.015041462,0.01584576,0.015796589,0.01613142,0.015564337,0.013912358,0.018697372,0.01351291,0.014884811,0.015930673,0.013753844,0.0137822945,0.014184135,0.014040958,0.015179644,0.0139802825,0.015419068,0.014736321,0.013573821,0.014438301,0.012387875,0.014101505,0.015846785,0.01368317,0.014871753,0.0138288895,0.014458907,0.014228343,0.014471458,0.015606919,0
0.014385096,0.013642079,0.01340347,0.015710928,0.013577815,0.013482281,0.01550556,0.013014555,0.014134756,0.013394147,0.015542578,0.012579005,0.014472316,0.013372897,0.01296284,0.013748707,0.014902312,0.013556661,0.014778254,0.014087926,0.012453471,0.015691925,0.01610216,0.013281551,0.015547869,0.013563714,0.013766123,0.014023268,0.013397305,0.017110221,1
0.013757185,0.015223168,0.014777158,0.015320272,0.013304534,0.013858541,0.017118372,0.012393577,0.013468061,0.014025258,0.014194036,0.013267213,0.014794612,0.012578909,0.013327721,0.013923136,0.014972207,0.013699755,0.013995856,0.013929962,0.013343734,0.014720407,0.016267164,0.013004005,0.01547207,0.013382691,0.016715433,0.014601961,0.013325591,0.015807375,1
0.015055048,0.014173585,0.015304076,0.015175033,0.01471553,0.01384031,0.01782257,0.012306879,0.016063992,0.014098528,0.013705155,0.012959382,0.014197329,0.013766421,0.014170699,0.013041822,0.014973075,0.014476494,0.013797761,0.013791092,0.013132877,0.013873555,0.016914312,0.013531287,0.014258098,0.013811499,0.013974279,0.014282289,0.014454795,0.014964034,1
0.015283527,0.014209121,0.015537806,0.01499942,0.013927301,0.013985755,0.016344132,0.013654267,0.014624319,0.014392485,0.01409307,0.013034117,0.0156852,0.013268003,0.014581101,0.014435791,0.014418643,0.014276956,0.013378492,0.013688466,0.012660311,0.014647793,0.015984375,0.0133310845,0.017127898,0.013439603,0.01373358,0.014252622,0.014110075,0.015863784,1
0.015529908,0.013576007,0.014109555,0.015886113,0.013889663,0.01322226,0.014389683,0.012853442,0.014195147,0.014257695,0.01507406,0.012729801,0.015359742,0.013514943,0.013513515,0.013999433,0.0149641745,0.013465678,0.013745744,0.014307052,0.013217223,0.015483945,0.0155086,0.01358362,0.016475478,0.01380169,0.013841323,0.014713153,0.01403814,0.016795468,1
0.014701003,0.014669593,0.014718182,0.015726812,0.013787219,0.013984101,0.016736593,0.013227301,0.014782747,0.013397554,0.01391446,0.0132079525,0.014379274,0.013593759,0.014770487,0.0141845625,0.014760678,0.015046511,0.014000113,0.014497406,0.011938411,0.014181572,0.015898908,0.013629119,0.01513714,0.013292946,0.014036521,0.013734895,0.013299607,0.0153770745,0
0.015726522,0.014585054,0.015564481,0.01465015,0.013422961,0.015410667,0.015985148,0.013437602,0.014632102,0.013655723,0.013616891,0.013662396,0.015474065,0.013422954,0.01433539,0.014343167,0.0147459395,0.01422754,0.0136874905,0.01373213,0.0128663955,0.013639255,0.016667886,0.013711583,0.015771875,0.013394327,0.014653792,0.013521673,0.013779122,0.014759384,0
0.01490915,0.014779958,0.015155706,0.014990767,0.013881542,0.01424972,0.016187357,0.012865727,0.014278201,0.012643317,0.014340728,0.014639975,0.016267193,0.013726461,0.014362883,0.014690804,0.014530762,0.014159557,0.013715416,0.013529876,0.012563332,0.014804867,0.017198285,0.013311255,0.015150514,0.013835635,0.014008523,0.013565203,0.0136405025,0.015236115,1
0.014950055,0.014803925,0.014599642,0.015053072,0.014015979,0.014573854,0.01712427,0.0122354,0.01499324,0.01328265,0.0131495055,0.014282546,0.015910119,0.01309554,0.014921473,0.014007197,0.015167435,0.013666506,0.013570115,0.014215874,0.012874752,0.014034466,0.017207688,0.013438964,0.014465923,0.013222436,0.014553436,0.014009332,0.01385458,0.0149109755,0
0.014890688,0.015747054,0.014879321,0.015540668,0.0138555225,0.014303747,0.01764742,0.013404349,0.014612649,0.014780053,0.013822273,0.013406992,0.014034708,0.013447211,0.01379038,0.014399763,0.0146717215,0.0152796,0.01350381,0.013581713,0.012742197,0.013783198,0.016628496,0.013275311,0.0149931125,0.013637143,0.014722365,0.013473417,0.013837564,0.014998432,0
0.0138799725,0.015022319,0.014783029,0.015169079,0.014083554,0.0134071335,0.018787807,0.011675475,0.013697705,0.013491732,0.013802511,0.013249348,0.015239804,0.013117823,0.014150085,0.012942588,0.0151286265,0.014234347,0.013881644,0.014055112,0.013631981,0.013559302,0.017094731,0.013721837,0.014904749,0.013476916,0.014899289,0.014656394,0.013193201,0.014852707,1
0.015342986,0.014846205,0.01529803,0.016727569,0.01467325,0.014123832,0.018843945,0.013165448,0.014964834,0.013816817,0.013759314,0.013533601,0.014531276,0.014148208,0.015296346,0.014017505,0.015115498,0.014852044,0.014063943,0.014432419,0.012088849,0.013781601,0.016730152,0.014239792,0.014321651,0.014323759,0.014214002,0.013464522,0.014071398,0.0150109,1
0.015117681,0.014259235,0.0150059145,0.016398622,0.013876453,0.013975693,0.017425792,0.013018398,0.014750412,0.014862667,0.013572662,0.013282977,0.014860485,0.013657059,0.014879983,0.013086834,0.01520279,0.015005709,0.013729683,0.014160749,0.013146822,0.0142743755,0.015850522,0.014077165,0.014332651,0.013878596,0.014706245,0.014156646,0.0141994115,0.015107841,0
0.015126201,0.014755907,0.014842261,0.014785828,0.013718991,0.014536868,0.017871447,0.014641752,0.014057054,0.012823478,0.014216893,0.0149927,0.015343218,0.0135078905,0.01514268,0.013884559,0.014460538,0.0136831,0.013907354,0.014355026,0.012712527,0.01441073,0.016500792,0.014252858,0.01504845,0.013586985,0.01352532,0.013696811,0.012840546,0.016016725,0
0.013978076,0.014239199,0.014435433,0.0152161,0.01374789,0.012645322,0.015480895,0.012652548,0.013169281,0.013113541,0.014311729,0.012546689,0.015729925,0.013244525,0.013659127,0.013150731,0.014462584,0.0130448695,0.01425723,0.014055351,0.013414651,0.014120403,0.017391788,0.0133207925,0.014481579,0.013603883,0.014069267,0.014137364,0.013170888,0.015453217,1
0.014323508,0.014727615,0.014326808,0.014803143,0.013810786,0.013943249,0.018386262,0.011540318,0.013488002,0.013311977,0.013916321,0.013472753,0.015260517,0.012722855,0.014954786,0.013328813,0.014837278,0.013709856,0.014527735,0.014603271,0.013266693,0.013970777,0.016426664,0.0134291025,0.01404498,0.013449467,0.014124463,0.014050474,0.012716194,0.014783743,1
0.014439051,0.014041841,0.015576014,0.014856128,0.013627732,0.014255775,0.015064608,0.012864451,0.014726487,0.013229096,0.013820061,0.013854065,0.016676579,0.013322776,0.014182912,0.013223059,0.0144516025,0.013641765,0.013690974,0.013790351,0.013014756,0.014302227,0.016998244,0.0134615805,0.014441451,0.01340063,0.014189605,0.013592225,0.012662642,0.015435828,1
0.014180066,0.0141698625,0.015893195,0.014576899,0.013316136,0.014754686,0.014802331,0.013028919,0.014930389,0.013541722,0.014199199,0.013186266,0.015595471,0.013181111,0.013621028,0.0141863795,0.014568891,0.013889229,0.014058488,0.01335806,0.012952869,0.014377311,0.017480219,0.013197952,0.015938897,0.01334989,0.014466487,0.013610222,0.013742681,0.015648015,1
0.015267098,0.01547574,0.015286767,0.016217263,0.014079617,0.013758759,0.018171446,0.01452733,0.014473227,0.014521244,0.014092126,0.013829977,0.013843868,0.013639264,0.015210386,0.013657776,0.014757303,0.014471239,0.01373989,0.014529746,0.0122683095,0.01396976,0.015278563,0.013931057,0.014821332,0.013967303,0.014084229,0.013895457,0.013915638,0.015092324,0
0.013889666,0.014161725,0.01510754,0.01559089,0.0137071125,0.013791573,0.016933642,0.012012256,0.013744617,0.013418512,0.013850982,0.013214011,0.015616521,0.013153958,0.013907059,0.012868358,0.015233671,0.013643883,0.014047155,0.013968803,0.013729235,0.014042111,0.016466869,0.013648005,0.015132003,0.013408512,0.014359513,0.014994594,0.01371829,0.015184343,1
0.015036467,0.014790695,0.016086819,0.014729252,0.014338838,0.013915843,0.017173933,0.014835675,0.012960268,0.013422348,0.013993179,0.01415102,0.014868527,0.01306943,0.014210878,0.014072201,0.014765503,0.013829805,0.014325599,0.014063871,0.013178706,0.014362937,0.016083306,0.013185438,0.014772318,0.013574431,0.014716395,0.015664337,0.01461118,0.015585234,0
0.015410793,0.014439565,0.014401943,0.015687672,0.014368262,0.013328938,0.016790135,0.011680742,0.013904933,0.013661206,0.013954012,0.013066692,0.01500934,0.013166771,0.014420028,0.013291974,0.0149179045,0.013836723,0.013782187,0.014527326,0.012441076,0.014223617,0.015603368,0.013842739,0.015193693,0.013455044,0.0139856925,0.014204611,0.013320034,0.015270368,0
0.015518078,0.014486401,0.013933112,0.015044688,0.014558918,0.013794734,0.016613929,0.012798281,0.014282908,0.013400937,0.013593931,0.013969212,0.015835568,0.014115511,0.01397777,0.013834971,0.014995069,0.013630789,0.013851546,0.0140245445,0.0123318685,0.013949378,0.017243218,0.013536249,0.014667277,0.013935905,0.014216553,0.013935049,0.0140012,0.0151141295,1
0.014337146,0.01341078,0.014587989,0.015394536,0.0135495635,0.014261822,0.014520072,0.012323732,0.014684977,0.014078008,0.01389588,0.013629226,0.01584211,0.013684691,0.01368372,0.014031502,0.014923279,0.013866188,0.013884083,0.013478895,0.012694977,0.014286513,0.016979171,0.013853061,0.015162916,0.013586135,0.014516385,0.013459357,0.014388035,0.015343893,0
0.015420114,0.015459504,0.015909625,0.015874522,0.014263542,0.013262703,0.017620927,0.0147151165,0.013675174,0.013659143,0.013404646,0.014092033,0.01458934,0.01454227,0.013993357,0.014595677,0.014636633,0.014139287,0.013812603,0.01444868,0.012180042,0.0140194,0.015663508,0.013568882,0.014573656,0.013807426,0.014051904,0.014068738,0.013589307,0.0150819905,0
0.014391063,0.014762682,0.013966577,0.014721068,0.013796225,0.013646245,0.017384695,0.012202574,0.01388192,0.013811985,0.014290295,0.013560024,0.01566143,0.013118438,0.013472006,0.014371747,0.014835972,0.013714502,0.014218026,0.013781294,0.013154983,0.0140733505,0.016339226,0.013042531,0.015158032,0.013617404,0.015434373,0.013968215,0.013044757,0.015049272,1
0.014369388,0.014715439,0.015038481,0.014792267,0.01348003,0.013466766,0.017059654,0.011929191,0.013469716,0.013649185,0.014024462,0.013220322,0.01559819,0.012830499,0.013575631,0.013666166,0.014905962,0.013674988,0.014366225,0.0139410915,0.01415933,0.013950442,0.016718557,0.013130227,0.0154162105,0.013535569,0.013813304,0.015737357,0.013364829,0.015056211,1
0.015965855,0.013874382,0.015272416,0.014947163,0.014319502,0.014275436,0.014874976,0.012407791,0.016463593,0.0136473635,0.013891518,0.01345068,0.01439865,0.013784556,0.015144253,0.013750164,0.014883855,0.014044494,0.013852447,0.013870281,0.012612807,0.01445764,0.016508836,0.013779868,0.015450682,0.013568029,0.014408758,0.013969607,0.01406858,0.015146094,0
0.015378342,0.014181881,0.013288592,0.015982259,0.01388023,0.013448469,0.014741628,0.0130321365,0.013931108,0.013766845,0.013943282,0.013573715,0.01561486,0.014387868,0.013259925,0.01468259,0.014972812,0.013805539,0.013812665,0.013876009,0.012754569,0.013770796,0.016400667,0.013949721,0.014217317,0.01392668,0.013922912,0.01409708,0.014227248,0.015026784,1
0.013947263,0.014649709,0.015411665,0.0150539335,0.01400303,0.01303578,0.017993508,0.0120204985,0.013336758,0.013593327,0.01347915,0.013208159,0.01466774,0.013053468,0.013973014,0.013063287,0.014864818,0.013222668,0.0144207,0.014502045,0.013541085,0.014204926,0.015759815,0.013345641,0.013532332,0.013395009,0.0138446195,0.016491763,0.014145471,0.015022854,1
0.01405824,0.013738742,0.014348044,0.0155873895,0.013827325,0.013178008,0.013375731,0.011639997,0.013484821,0.01380447,0.0135295745,0.013276643,0.01572804,0.013400683,0.013795358,0.013510394,0.014640099,0.013233602,0.013531614,0.013886211,0.013192334,0.015797105,0.015803333,0.013508866,0.016274203,0.01344914,0.014276376,0.013757438,0.013643341,0.016350128,1
0.01504685,0.014099545,0.015359871,0.015597687,0.014388227,0.013491096,0.017774144,0.012268385,0.014936148,0.01403554,0.013328874,0.013117986,0.014604462,0.013449713,0.014954074,0.013021784,0.0150324665,0.014196594,0.013561259,0.01413067,0.013427073,0.01385209,0.016436065,0.0137529215,0.014499122,0.013773238,0.014517087,0.014250478,0.014144811,0.015069656,0
0.01482795,0.014164899,0.014024911,0.01575982,0.0153995,0.013761917,0.016228508,0.012285582,0.01599682,0.014094498,0.013955782,0.013101222,0.0150388405,0.014130176,0.014145841,0.0133425435,0.015367464,0.014596766,0.013565838,0.0139788315,0.013030939,0.01363909,0.017111603,0.013734057,0.014438994,0.014123722,0.0144606875,0.013988569,0.0146856075,0.01535496,0
0.014490798,0.014586891,0.015067456,0.015618782,0.014287617,0.0132313175,0.016324684,0.013324116,0.016027689,0.014372673,0.013414246,0.013203393,0.014370105,0.012992448,0.014254202,0.013578941,0.014803407,0.013559845,0.0137932375,0.014374496,0.013195683,0.013609779,0.015684303,0.013463321,0.013996247,0.013561915,0.014475643,0.014112764,0.014843143,0.014760061,0
0.014609192,0.013976273,0.014715254,0.014616361,0.013725952,0.013192239,0.014866192,0.012185719,0.01333051,0.012518354,0.014768621,0.01389831,0.016079728,0.013299955,0.013127885,0.013712668,0.014463303,0.012905609,0.014483429,0.013933826,0.013147717,0.015208126,0.016367873,0.012809883,0.01552713,0.013473058,0.013555843,0.0148893045,0.013327496,0.016716383,1
0.015791124,0.014215548,0.015981287,0.015354185,0.014150033,0.012480989,0.016159285,0.014495656,0.014252982,0.013265815,0.013803171,0.0144060645,0.015699454,0.013844846,0.014204402,0.013776388,0.014187443,0.013835845,0.014003369,0.013434103,0.012151481,0.014557239,0.016988,0.013186407,0.015524285,0.013802421,0.013880745,0.013398649,0.0139449285,0.016122252,0
0.016228836,0.013681499,0.015846252,0.015698692,0.013537649,0.013553916,0.01441165,0.014868605,0.014827475,0.013957285,0.013626096,0.014117294,0.015208428,0.013988723,0.0126863355,0.014157937,0.014775426,0.014096102,0.01420626,0.013167343,0.012499829,0.01390182,0.016387528,0.013643817,0.015086717,0.013494432,0.014170468,0.013975148,0.014586251,0.015279845,0
0.0145457545,0.013628146,0.014439472,0.015454787,0.01374903,0.014819588,0.014942541,0.012766509,0.014942611,0.013876988,0.013953458,0.013587754,0.016006889,0.01396411,0.014490698,0.014016525,0.015255521,0.01382699,0.014042526,0.013863704,0.012632815,0.014680142,0.017273206,0.014108083,0.015814418,0.013543911,0.0142867435,0.013707958,0.014151833,0.015165204,1
0.014332957,0.014248918,0.015285623,0.01566332,0.013910936,0.014096213,0.016509436,0.013916938,0.01372552,0.014664033,0.014864489,0.013608259,0.014607181,0.013247357,0.0133532975,0.013538318,0.015132913,0.014297722,0.014368554,0.0136956815,0.013087131,0.014837029,0.014749783,0.013430285,0.014258569,0.013791439,0.014563992,0.014086114,0.0135944495,0.015636722,0
0.01496564,0.013813668,0.015035804,0.0155727845,0.01395623,0.013026061,0.0154010225,0.012356262,0.013138862,0.01354984,0.013402225,0.01370803,0.0143518895,0.013572409,0.013545733,0.013377362,0.014667596,0.014669109,0.01399505,0.013718351,0.013163297,0.014466343,0.016638273,0.013551794,0.014465123,0.013621133,0.014218032,0.014726438,0.01431884,0.015115604,0
0.013935001,0.013993073,0.014773559,0.015547503,0.01338172,0.013518015,0.016403506,0.01270381,0.013439155,0.013579387,0.014036555,0.014026122,0.015900103,0.013367116,0.01328513,0.013124851,0.01448019,0.013877886,0.014268203,0.013764934,0.013215157,0.01466998,0.016982224,0.013337893,0.014950942,0.013531042,0.013931877,0.013735467,0.01329721,0.015477904,1
0.015559398,0.013944943,0.014329285,0.015597121,0.014134332,0.013282949,0.015104477,0.013284415,0.014880927,0.0131351845,0.013715349,0.013909469,0.016169945,0.014122006,0.013740066,0.013874646,0.014953444,0.013602908,0.014131216,0.01374535,0.012466584,0.013949047,0.017805092,0.013714019,0.014573227,0.013969956,0.013908712,0.013881253,0.013697137,0.015377777,1
0.014185655,0.014748523,0.014932218,0.015556745,0.014501843,0.0132478485,0.017172731,0.012687717,0.013901533,0.01338077,0.01336527,0.013694864,0.015389053,0.013516808,0.0147135705,0.013602836,0.015042369,0.013720776,0.014054802,0.014166716,0.013013986,0.013767463,0.016461007,0.013442711,0.014387264,0.013699001,0.014252465,0.016213,0.013555512,0.015122732,0
0.015022448,0.014306912,0.014879963,0.014924305,0.013778141,0.0142209865,0.017321449,0.012706463,0.014293051,0.013349842,0.013537179,0.013405171,0.014970327,0.013135046,0.01518848,0.014304693,0.014993277,0.013659445,0.014075149,0.013974132,0.013119544,0.013824724,0.01628573,0.013579219,0.014348819,0.013341194,0.014417209,0.014291736,0.013593178,0.014825805,0
0.01436362,0.014888584,0.01745423,0.015253587,0.01384605,0.0131559875,0.016532144,0.0127431955,0.013229673,0.012852553,0.013597887,0.0126876505,0.015896594,0.013739034,0.013599885,0.013293429,0.0148710655,0.013473863,0.014882477,0.014292754,0.013176656,0.013974642,0.016399644,0.013402835,0.014918142,0.013739937,0.013779661,0.014712235,0.013373717,0.015223391,1
0.014410574,0.013535119,0.015445715,0.01537308,0.013403034,0.0133862,0.016555738,0.01214132,0.013629944,0.013376368,0.0143733565,0.0137338415,0.015636066,0.013102207,0.013597959,0.013201206,0.014511095,0.013695428,0.014263727,0.013559633,0.013392662,0.01440766,0.017026326,0.013202688,0.0150940865,0.013460437,0.013373449,0.014711763,0.013579237,0.015473526,1
0.01482693,0.014064685,0.014226221,0.015365297,0.0137005085,0.01327912,0.015596179,0.0129590565,0.014092623,0.013337491,0.013509198,0.013316991,0.015224284,0.013552664,0.013194224,0.013626874,0.014523972,0.013669949,0.01446123,0.014087735,0.013068378,0.014004372,0.016568668,0.013405914,0.014201875,0.0138144875,0.013802942,0.013883603,0.012896392,0.015462346,1
0.013797802,0.013996594,0.014991207,0.015568165,0.012704702,0.012639677,0.015815422,0.012171951,0.013370457,0.013263789,0.013849978,0.012436038,0.015215492,0.01348381,0.013385349,0.013066757,0.015177123,0.01374057,0.01423868,0.013780475,0.013388514,0.015003449,0.016512852,0.013265636,0.015907062,0.013702154,0.013785111,0.01620727,0.013751226,0.016672764,1
0.014846511,0.014320909,0.0150757115,0.015158231,0.014318349,0.013973764,0.016745333,0.013170454,0.014395275,0.014020083,0.014265293,0.013490948,0.015121079,0.013571233,0.01403305,0.0139625035,0.014778911,0.014209346,0.013985338,0.014043641,0.013031729,0.014742303,0.016102554,0.013554696,0.015014311,0.013639105,0.014368397,0.014434744,0.014104584,0.015578653,0
0.014362333,0.014363209,0.014828099,0.015746439,0.013588163,0.014389754,0.01601984,0.012753448,0.014303255,0.013791098,0.01439206,0.0124810785,0.014427717,0.013344769,0.013535395,0.013643229,0.014815666,0.014360237,0.0140862595,0.01392218,0.012714457,0.014342297,0.017217264,0.0135706775,0.015521534,0.013749452,0.014464203,0.013534523,0.013252982,0.015810497,1
0.0146049475,0.0154247545,0.015246616,0.01588322,0.014326176,0.013557494,0.019379526,0.012723769,0.014131708,0.013432437,0.013750167,0.013516455,0.01449115,0.01352007,0.014553914,0.013423205,0.015342184,0.014206109,0.014275961,0.01460673,0.01286719,0.0140968505,0.01656334,0.013736759,0.014351988,0.013797552,0.01406219,0.014646735,0.013636568,0.0150986,0
0.014181844,0.0148340175,0.014143438,0.015690414,0.013352785,0.013017692,0.018545441,0.012523823,0.013651801,0.013481421,0.013901433,0.013545754,0.014695232,0.012797825,0.014234447,0.0134316385,0.0147243375,0.013798315,0.014622051,0.014488029,0.01343201,0.014015538,0.016415447,0.013435381,0.013915751,0.013729128,0.013795825,0.014486566,0.013633946,0.01517365,1
0.015068104,0.015732525,0.014967486,0.01540539,0.014978081,0.013659364,0.01894292,0.0129753435,0.015133993,0.015758323,0.013937133,0.014142484,0.014146336,0.014060861,0.014445114,0.013735997,0.015184394,0.014992544,0.014010708,0.013948724,0.012258067,0.014321355,0.01635208,0.013583628,0.014758189,0.014204259,0.014462395,0.014527299,0.01394351,0.015829451,0
0.015264895,0.014282184,0.015708279,0.015641857,0.014920467,0.013415995,0.018380295,0.013349054,0.015058231,0.013033516,0.0135220345,0.013344229,0.01439472,0.013952912,0.014273343,0.013398529,0.015172877,0.014213739,0.013920309,0.014295969,0.012757447,0.01405684,0.016917074,0.014054498,0.014684186,0.014151051,0.014025915,0.01407946,0.014507501,0.015564741,0
0.013665998,0.013801642,0.014325736,0.015953366,0.013362378,0.013369235,0.015241633,0.0122257,0.013401302,0.013619378,0.014459283,0.013080994,0.015018452,0.0135777835,0.013302531,0.013273751,0.015031122,0.013909513,0.014412837,0.014072749,0.013062966,0.014325251,0.016756712,0.013583647,0.015167842,0.014016958,0.0138911335,0.014425472,0.013424552,0.015657235,1
0.015996166,0.014211444,0.015301875,0.016101675,0.013926194,0.013857927,0.016424527,0.013513883,0.014777082,0.013534254,0.013506335,0.013950102,0.015092435,0.013778873,0.0146038765,0.0142241195,0.014975575,0.0139705725,0.013865309,0.014091545,0.012499903,0.014270266,0.016502602,0.014141212,0.014447351,0.013627645,0.013868412,0.013661582,0.014170906,0.015357619,0
0.0153507255,0.013674437,0.015631901,0.015265485,0.013677361,0.013773081,0.01487222,0.013417793,0.014650545,0.013558862,0.014073731,0.013811384,0.016497076,0.013692736,0.013413695,0.013684592,0.01470527,0.013281498,0.014074382,0.013504726,0.013028038,0.015197861,0.016817246,0.013083152,0.01567018,0.013947438,0.014012621,0.0140125435,0.013666374,0.016309723,1
0.014059843,0.014986359,0.016509043,0.015717916,0.013820687,0.012798413,0.01751588,0.0140470015,0.0140738655,0.013636868,0.013772421,0.01279878,0.013904299,0.013383823,0.014144429,0.013820468,0.014993043,0.013494162,0.014541205,0.014224366,0.013074003,0.014298436,0.015837342,0.0134745445,0.014916274,0.013780061,0.014025947,0.014398654,0.014046909,0.014691423,0
0.016630905,0.014551696,0.015590606,0.015646033,0.014285352,0.013506843,0.0165946,0.015013686,0.0154441595,0.013783618,0.012624254,0.013740814,0.013515679,0.013400871,0.014780045,0.014326099,0.014869009,0.01406621,0.014067551,0.014076901,0.012248792,0.014559918,0.015418065,0.013594668,0.015350396,0.013810596,0.013809527,0.013409641,0.013740032,0.015935304,0
0.014339342,0.013831004,0.014395999,0.015417641,0.013330277,0.013166481,0.015723394,0.012447974,0.013471507,0.013392663,0.014559933,0.01345598,0.014789797,0.01308775,0.013388412,0.01360957,0.0147863785,0.013521192,0.013824889,0.013969391,0.013586694,0.01564859,0.016579354,0.013548723,0.015818443,0.013766779,0.014156202,0.015226202,0.013418468,0.016339842,1
0.014584013,0.013358594,0.014529044,0.01587492,0.014211847,0.013369976,0.016409192,0.012875739,0.014256348,0.013867329,0.014775779,0.013483536,0.016446384,0.014059553,0.013029068,0.01348007,0.015212951,0.014020182,0.014145864,0.013639321,0.012905897,0.014168787,0.016829357,0.013588093,0.014609524,0.014542838,0.013825077,0.014571947,0.0142188035,0.01627713,1
0.013755193,0.014359339,0.015001144,0.0148031125,0.013596161,0.014006068,0.015164016,0.011776926,0.013940272,0.013023731,0.013920589,0.013609442,0.015437998,0.012813401,0.014035174,0.013288317,0.014496725,0.013093715,0.014208524,0.013764856,0.013863996,0.0143761,0.016755715,0.013407966,0.015327139,0.013513441,0.014006736,0.013907876,0.013078132,0.015472657,1
0.0150209125,0.0154358605,0.015450788,0.015610362,0.014339359,0.013213778,0.016691145,0.012641596,0.015307264,0.014709957,0.013318115,0.013700909,0.014841756,0.013589158,0.015224406,0.013480068,0.014689215,0.014377263,0.013606061,0.014025335,0.012934182,0.014038901,0.016191386,0.013555774,0.014768116,0.013598636,0.014483249,0.013602206,0.014351054,0.015089408,0
0.014136315,0.01386142,0.013754294,0.0143940905,0.013762688,0.013785305,0.016277289,0.0118080545,0.01397828,0.012900261,0.013754278,0.0125461435,0.015085161,0.012809209,0.013637552,0.012707997,0.014798312,0.013161126,0.01431619,0.013851526,0.014316853,0.015838481,0.01645684,0.012992595,0.014808199,0.013742278,0.013898388,0.014324367,0.013478175,0.016748581,1
0.013896655,0.0142993955,0.01573665,0.015650636,0.0137014985,0.013425326,0.016996715,0.013153938,0.0143286465,0.013798145,0.014122227,0.013305679,0.015236085,0.01380747,0.013208254,0.013586277,0.014666106,0.01428304,0.014188905,0.013473339,0.013371188,0.014420889,0.0166503,0.0134292,0.015218335,0.0137728425,0.014176657,0.013710107,0.014009444,0.015443778,1
0.014159901,0.015139024,0.016143277,0.015640521,0.013751389,0.0126344,0.017957428,0.01295546,0.013322817,0.013264087,0.014357051,0.012976737,0.014673967,0.013463486,0.013209558,0.013764958,0.014891102,0.0132341795,0.014526708,0.014162491,0.013527706,0.014630074,0.016043395,0.013292229,0.015525956,0.013768208,0.0140191,0.014022842,0.013588567,0.015688824,1
0.014181809,0.016055658,0.016900003,0.015668025,0.012993786,0.013782628,0.017614719,0.013112588,0.013822533,0.01407618,0.01321895,0.013783427,0.01452589,0.012643028,0.01418806,0.01441699,0.014943121,0.01391078,0.013853932,0.013901629,0.013354959,0.014145593,0.015574151,0.013603514,0.0146005945,0.013557834,0.0145152565,0.014207874,0.013732574,0.015185824,0
0.015357531,0.014333529,0.015562107,0.015747514,0.01385785,0.014101618,0.016456192,0.012604764,0.014490843,0.013632872,0.013184397,0.01384221,0.014414674,0.013358412,0.014680639,0.014573358,0.014715588,0.014208758,0.013777892,0.01397575,0.012659593,0.014118966,0.016292825,0.013714436,0.014926615,0.013111595,0.014303667,0.013803898,0.013439094,0.014653112,0
0.014857138,0.014364623,0.015220128,0.015261633,0.014401375,0.014153389,0.01884169,0.01326109,0.014461243,0.014271664,0.014106978,0.013352141,0.014782411,0.013468607,0.014309281,0.0138038825,0.01483068,0.014291038,0.01390613,0.01406811,0.013000966,0.014647866,0.016126212,0.013608677,0.014980791,0.013743608,0.014369213,0.014426642,0.014091541,0.015449306,0
0.014963444,0.015151493,0.015407927,0.015311678,0.01366267,0.014008309,0.01662963,0.012314354,0.015840562,0.0138458,0.0143490555,0.0144101,0.014659717,0.0133763775,0.013182163,0.013933342,0.0143839205,0.014348878,0.014098355,0.013193023,0.012842666,0.014552862,0.016579824,0.013229841,0.015612118,0.014164148,0.014390812,0.013496127,0.013572991,0.015604678,1
0.01454423,0.016323013,0.015433213,0.014653095,0.01402865,0.014095666,0.01805174,0.012292735,0.014302939,0.013518958,0.013555349,0.013929929,0.014505667,0.012756465,0.014619684,0.013421119,0.014788854,0.013653824,0.014065853,0.014015348,0.013207376,0.0142964935,0.016370509,0.013298506,0.01526742,0.013479478,0.014649109,0.0136218965,0.012994559,0.015375267,0
0.014246776,0.015314613,0.015588402,0.01544355,0.014021151,0.014326102,0.014400776,0.012303315,0.013678167,0.013234294,0.0145224035,0.013114257,0.015536436,0.013398778,0.014083579,0.013418372,0.014937399,0.01363339,0.014006181,0.013177352,0.01305435,0.014568673,0.016766235,0.013323269,0.015189754,0.0141502125,0.014722196,0.013464741,0.013391609,0.015635045,1
0.014650171,0.01352014,0.016442154,0.015751483,0.013856339,0.013694812,0.0152688725,0.012986049,0.0142325675,0.013631171,0.014016455,0.01313024,0.015659643,0.013354701,0.013725132,0.013472498,0.0145789245,0.013495571,0.014099801,0.013100175,0.013559264,0.014958091,0.016300356,0.01331491,0.015724039,0.013317189,0.01425232,0.01339689,0.014485982,0.015978277,1
0.014158677,0.0137704015,0.014603848,0.015868697,0.014071585,0.013330011,0.015632275,0.011970016,0.013986761,0.013596129,0.014673975,0.013138351,0.015919428,0.01380804,0.0140309185,0.013241709,0.0149962045,0.013903867,0.013884653,0.013877331,0.013187611,0.014404274,0.017249018,0.014005118,0.015817784,0.014302777,0.013985028,0.014490065,0.014174252,0.016507398,1
0.014041387,0.014528198,0.015838021,0.015353705,0.014341357,0.013280851,0.017640151,0.012137427,0.013672877,0.013350325,0.014131851,0.01342154,0.0146736,0.013663337,0.014329961,0.013482845,0.015157343,0.014542952,0.014086851,0.013646309,0.014162362,0.014525523,0.016284456,0.013439461,0.014849228,0.01390379,0.014528673,0.014958541,0.014166029,0.015797282,1
0.01463836,0.014476384,0.015173809,0.015362182,0.01496886,0.013908423,0.016790878,0.013197854,0.0144231,0.014305913,0.013797627,0.012288991,0.014531922,0.013405594,0.014523255,0.01354021,0.015027337,0.013942107,0.013800689,0.014297151,0.0128306905,0.01449697,0.015596283,0.013455511,0.014785614,0.013658936,0.014042292,0.014291337,0.014358204,0.01546279,1
0.013990383,0.013799294,0.01396417,0.014148498,0.013548493,0.013288831,0.013877028,0.011960291,0.013648112,0.013404284,0.014051399,0.013430934,0.016082615,0.01331613,0.013477699,0.01395495,0.014909267,0.013457414,0.013809023,0.013640664,0.014274314,0.014867653,0.016533537,0.013803376,0.015198338,0.0130438255,0.014579971,0.014409318,0.014090564,0.01542875,1
0.0144648515,0.01407756,0.014307521,0.015063531,0.01356262,0.013807059,0.013202127,0.013289381,0.014352959,0.013789858,0.013946951,0.013322718,0.015225476,0.013600745,0.013382894,0.01387541,0.014724019,0.013965566,0.013747573,0.013592879,0.013482458,0.014124584,0.016209655,0.013773172,0.014906939,0.01340905,0.014537582,0.013592642,0.014251956,0.015221078,1
0.014817211,0.014298676,0.015255418,0.014635552,0.014607717,0.013854243,0.016952006,0.014575898,0.014337812,0.012966541,0.013713014,0.013237769,0.015944194,0.013643645,0.014197628,0.013877512,0.01483922,0.0136751,0.013857607,0.0141049195,0.013926066,0.014180229,0.016691549,0.013667161,0.014371701,0.014162804,0.014601945,0.013983693,0.013867433,0.015459173,0
0.014251693,0.013851849,0.014728236,0.014459201,0.013688408,0.015161436,0.015844826,0.011588143,0.014295992,0.013601424,0.013882414,0.013428903,0.01630426,0.013293509,0.014892542,0.012703071,0.014754199,0.013559509,0.013733532,0.013803209,0.01445002,0.013964633,0.017028425,0.013530084,0.014635369,0.013246155,0.014406452,0.014379244,0.014127041,0.014790527,1
0.0143690575,0.013963149,0.014916468,0.016371835,0.014488767,0.013920909,0.015639236,0.012781497,0.014155576,0.014364948,0.013496862,0.012696092,0.0156228775,0.013978197,0.014310856,0.013396468,0.01503303,0.014092995,0.013670745,0.014295927,0.013118931,0.01430604,0.015457579,0.014003795,0.0149704665,0.013994905,0.014237995,0.014245662,0.014189157,0.015546295,1
0.01590749,0.014110723,0.014851134,0.014935669,0.014478079,0.013603472,0.015565096,0.013881001,0.014985944,0.014018202,0.0137098115,0.013669435,0.015274303,0.014062184,0.013884946,0.014101488,0.014625161,0.014221701,0.013664275,0.013801627,0.013036535,0.0144446045,0.016318554,0.01384435,0.015727557,0.013837882,0.014326791,0.013797449,0.014269165,0.015341485,0
0.014706802,0.014065989,0.015512554,0.014425509,0.013930928,0.014744923,0.015420461,0.0147636235,0.014329572,0.012880646,0.014506207,0.013023837,0.015355982,0.013048418,0.014503602,0.014080738,0.015006394,0.013562253,0.0135956565,0.014154333,0.013715945,0.014670091,0.01751209,0.013949627,0.015044607,0.012952596,0.014255794,0.01357306,0.013526034,0.0154939825,1
0.014819849,0.014851722,0.014809609,0.014410172,0.014509902,0.013636684,0.015065866,0.013023844,0.015198679,0.014053017,0.013742462,0.013865497,0.015094296,0.013798745,0.013832123,0.014243803,0.014779744,0.014541145,0.013518569,0.013986834,0.013353359,0.01391617,0.01655575,0.013503449,0.015167467,0.0135493195,0.015117677,0.013624687,0.013703295,0.015141495,0
0.015748091,0.013937011,0.01516607,0.014317938,0.014403313,0.013720357,0.015219004,0.012811715,0.016641336,0.013782313,0.014017799,0.013725619,0.015406767,0.013854404,0.013877644,0.014667262,0.014574424,0.014026221,0.013737066,0.013794819,0.013235083,0.014389871,0.016317204,0.013586739,0.015607175,0.013469747,0.014631898,0.013638512,0.0147190755,0.015577411,0
0.014931691,0.013731443,0.01670771,0.016122025,0.014837449,0.013466967,0.016049983,0.01256679,0.013977686,0.013723409,0.0141159035,0.012781252,0.0156074995,0.013897549,0.014575392,0.013335376,0.015081624,0.013898738,0.01380815,0.0144534195,0.013051463,0.014125406,0.015132476,0.014461456,0.015142518,0.013524386,0.014251642,0.014344983,0.014167543,0.015607111,1
0.014023689,0.01373673,0.016348895,0.014232651,0.013799326,0.013642334,0.015342259,0.012102819,0.015219111,0.013435948,0.014027563,0.013728211,0.016096951,0.013667098,0.013225408,0.01376294,0.014674755,0.013053316,0.013755504,0.013547175,0.014120768,0.014472473,0.016172534,0.014139432,0.015145011,0.013020882,0.014313792,0.014657549,0.013963675,0.015657231,0
0.014475132,0.014907754,0.0152517995,0.014731224,0.014385176,0.013949935,0.018900832,0.012758557,0.014110971,0.013457898,0.013109544,0.013823669,0.015574862,0.013653713,0.01372746,0.013408814,0.01501711,0.013906999,0.013988084,0.0144101605,0.013216459,0.013732209,0.016364124,0.013674447,0.014523868,0.013558011,0.015013881,0.013986513,0.013278661,0.014804949,0
0.014271369,0.014362124,0.014985809,0.014202948,0.014224605,0.01383035,0.017826907,0.012537414,0.014081623,0.014311858,0.013341104,0.013326673,0.015196113,0.013053237,0.013744084,0.013238555,0.014912745,0.014128756,0.014067838,0.013952467,0.013765117,0.013641087,0.016427845,0.013546776,0.014031771,0.013435105,0.014747108,0.014555079,0.01389946,0.014729132,0
0.0156519,0.015525478,0.015107963,0.015372013,0.015300632,0.013881981,0.019499794,0.013811911,0.015403245,0.014666176,0.013381525,0.014124981,0.01418107,0.013983131,0.014456477,0.014212126,0.015110681,0.014721461,0.013429815,0.014104531,0.012604001,0.0136094345,0.016215358,0.013767894,0.014550121,0.013822126,0.014643852,0.013926832,0.013756983,0.014896153,0
0.014382793,0.013544523,0.015098054,0.014734213,0.013664414,0.014060037,0.014905766,0.011732142,0.01405163,0.01320677,0.0141528305,0.013166019,0.015668366,0.013320695,0.013534128,0.01320389,0.014923925,0.013170529,0.013861281,0.013636359,0.014348246,0.014333296,0.016713003,0.013609746,0.014900064,0.013233876,0.014139472,0.01483967,0.014169159,0.015131667,1
0.015113595,0.013285235,0.014870696,0.015476875,0.014441178,0.013423177,0.015559797,0.011981259,0.01513165,0.0134303365,0.013945864,0.013128392,0.014306768,0.013230366,0.013783461,0.013638323,0.015081724,0.014036952,0.013973644,0.013993357,0.013505638,0.014680811,0.016672874,0.013668537,0.014413442,0.01351268,0.014396936,0.014072992,0.014126913,0.015537062,1
0.0148066,0.0139688505,0.014354558,0.014904067,0.014735911,0.013301726,0.016483257,0.0121992305,0.015923213,0.013693213,0.013754939,0.013716982,0.015112994,0.013708515,0.015003351,0.013366176,0.0151022,0.014163708,0.013768544,0.014180796,0.012944615,0.0138047915,0.017225571,0.013985519,0.014843759,0.013734842,0.0145609835,0.013875674,0.014174514,0.014820344,0
0.014752501,0.014016956,0.013987483,0.015405662,0.014016631,0.013507389,0.01488566,0.012196523,0.014683381,0.013393306,0.014029237,0.0138680395,0.015647773,0.013477741,0.014084516,0.013718247,0.014620889,0.013590645,0.013738781,0.013588354,0.01365609,0.01394641,0.016229954,0.0135929445,0.014904476,0.013483424,0.014683009,0.014079659,0.013837697,0.01547117,0
0.015513535,0.014666941,0.014950787,0.016137656,0.014396494,0.0138179045,0.016743038,0.0134598855,0.014859818,0.014502682,0.014354683,0.013312689,0.013992009,0.013620179,0.0148628475,0.013951699,0.0151300235,0.014376411,0.014120369,0.014198123,0.012780951,0.0142528815,0.015753444,0.014079913,0.014742796,0.013953946,0.0141924545,0.013687831,0.014507997,0.0154939545,0
0.014172131,0.014332656,0.014985767,0.015133051,0.013790435,0.013016441,0.017969305,0.012190571,0.013777535,0.01327101,0.014429423,0.013462643,0.014896242,0.013545358,0.013517102,0.01373786,0.015096611,0.014142943,0.013876876,0.013771256,0.014665981,0.014144717,0.016225455,0.013655445,0.014555401,0.013534551,0.013999184,0.014813707,0.013931233,0.015539315,1
0.014069281,0.013562651,0.014991637,0.015891317,0.013563382,0.013610092,0.015492899,0.012673452,0.013742247,0.014088233,0.015325811,0.012990206,0.01584275,0.013402404,0.013371774,0.013322383,0.0150765525,0.013584044,0.0135799395,0.013932542,0.014093027,0.014079614,0.016179552,0.013871203,0.015337017,0.013656158,0.014143813,0.014544185,0.013762735,0.01585341,0
0.015195575,0.014103584,0.017240899,0.015293485,0.015428559,0.0137775475,0.018323693,0.013328798,0.014871664,0.014699674,0.013877531,0.013488081,0.014361728,0.013651754,0.0143761905,0.014027864,0.015631566,0.014429385,0.013619716,0.0144311385,0.013387404,0.014356255,0.015537296,0.014161763,0.014583198,0.013650226,0.014228208,0.014372663,0.014795519,0.01553889,0
0.016367884,0.013554682,0.014257739,0.015423547,0.014320656,0.013548617,0.015310443,0.013433822,0.015577389,0.013537313,0.014636597,0.013375112,0.015377947,0.014006125,0.014367848,0.014064373,0.015039589,0.013401432,0.0136610875,0.014075818,0.012847743,0.014467301,0.016203824,0.014141873,0.015376135,0.014033566,0.014341043,0.013858976,0.014568365,0.015927644,0
0.01466787,0.013844892,0.013143854,0.015748082,0.013580994,0.0143670505,0.01421634,0.012421733,0.014389034,0.013725395,0.014813488,0.013801382,0.015962116,0.013081964,0.014389596,0.014082197,0.01490683,0.01382703,0.013768829,0.013835992,0.012932606,0.014703565,0.01639303,0.013876113,0.014698238,0.013765104,0.01451668,0.013302572,0.013198438,0.015316761,1
0.016702907,0.013667085,0.014785064,0.015850138,0.014589599,0.013775459,0.015748164,0.013540268,0.014905799,0.014200908,0.014043817,0.013487551,0.015476737,0.013884842,0.014827465,0.014423227,0.015230282,0.014016255,0.013734625,0.014063796,0.012613049,0.014521233,0.015681414,0.0143292975,0.015676757,0.01369842,0.014171873,0.0137910275,0.014672644,0.015421141,0
0.014386253,0.014298784,0.016220288,0.014973409,0.013890782,0.014238714,0.016242372,0.012792296,0.014084147,0.013215454,0.014450207,0.014003123,0.015171851,0.013449706,0.013468855,0.014054443,0.015153203,0.013302248,0.01397913,0.014027086,0.013682166,0.014104126,0.016218591,0.013550879,0.015289342,0.013579934,0.0144430585,0.014191387,0.01328902,0.015579866,1
0.014167474,0.014605476,0.015797287,0.015048747,0.013708133,0.013558149,0.018422678,0.01235587,0.013378377,0.013640501,0.013778932,0.013713121,0.01478925,0.01282091,0.013588822,0.013891648,0.014644814,0.013634255,0.014156112,0.014073772,0.013484316,0.014005419,0.016322935,0.013367231,0.015258656,0.0135671515,0.014795753,0.013658147,0.013179056,0.015399649,1
0.014902583,0.014701723,0.014604813,0.01505838,0.013761704,0.013156293,0.013570831,0.012310625,0.013705251,0.01365586,0.014658117,0.013898836,0.015151343,0.013713161,0.013709805,0.013965904,0.0146305,0.013239323,0.013963215,0.013151579,0.013308344,0.014526367,0.016692592,0.013264966,0.016021624,0.014051495,0.01470273,0.013839903,0.014200107,0.016242169,1
0.01522186,0.01416973,0.014360922,0.015997345,0.014276069,0.013655625,0.016149035,0.012651352,0.015770905,0.014086658,0.014530392,0.01366648,0.013832541,0.0136729535,0.014910339,0.01350574,0.015196485,0.014174581,0.013891911,0.014280067,0.013178173,0.014304011,0.01539682,0.0143590765,0.015206722,0.014252991,0.014765586,0.014367089,0.014292139,0.015436912,0
0.01406707,0.014254577,0.015060963,0.014947162,0.013113253,0.012375122,0.015601848,0.011502574,0.0131220985,0.013180671,0.014677949,0.013102446,0.015015431,0.013030602,0.013156101,0.0133608375,0.014815436,0.012667969,0.0142772235,0.013916113,0.014090215,0.0142174,0.015844284,0.013650721,0.015371442,0.013533755,0.01387962,0.0147661045,0.013708218,0.015044588,1
0.014523408,0.014056654,0.014327535,0.01586051,0.014256315,0.013240953,0.016444484,0.011297285,0.014665295,0.013492034,0.013782349,0.0140487095,0.014439072,0.013380111,0.015413798,0.013700744,0.014934001,0.013694468,0.013988529,0.013801693,0.012964045,0.014364822,0.016463267,0.013902276,0.014672459,0.014234189,0.0140462415,0.013858387,0.014168371,0.015390472,0
0.015077626,0.014009398,0.015504893,0.015852528,0.014289691,0.013834567,0.01611638,0.013195746,0.013517135,0.013811473,0.014558864,0.013152242,0.015594583,0.014465932,0.014443086,0.013932893,0.015318998,0.014284762,0.013886895,0.014742626,0.012675481,0.014964774,0.016169567,0.013180104,0.014261813,0.014085915,0.014375859,0.014359259,0.014121735,0.016135698,0
0.014617518,0.013941187,0.014687147,0.015495787,0.013630334,0.014578381,0.01623693,0.0138934795,0.014046165,0.01372961,0.0141227925,0.014061677,0.01520804,0.013841548,0.013766562,0.014439067,0.014604031,0.0138700595,0.013766155,0.0140248,0.013209944,0.014887259,0.015545388,0.014195801,0.014928996,0.013845729,0.014218222,0.014495938,0.013181523,0.015710557,0
0.014219004,0.013666496,0.014942146,0.015390333,0.014477564,0.013499502,0.016472368,0.012937007,0.013480164,0.01356282,0.013347571,0.013214891,0.015141565,0.013480523,0.013758638,0.01336468,0.015087038,0.013616148,0.01348949,0.01444506,0.013026684,0.013970277,0.016832383,0.013395952,0.013896136,0.013429319,0.0143877445,0.016078565,0.013604836,0.014771244,1
0.014797998,0.01444332,0.014863985,0.01608726,0.014072459,0.014125376,0.016215475,0.0132048465,0.014441566,0.013839627,0.015373799,0.013448491,0.014504869,0.013987403,0.014118313,0.013625299,0.015866226,0.013721792,0.01380221,0.014833648,0.012304341,0.014931045,0.015038399,0.013370473,0.015142785,0.01483767,0.014879728,0.014651534,0.013787887,0.015561885,0
0.014674758,0.013808025,0.014848222,0.015700221,0.013601653,0.014881324,0.016526531,0.013298711,0.01405044,0.013605549,0.014534361,0.01336535,0.014196263,0.014038849,0.013896979,0.013722604,0.015768265,0.01309335,0.013597719,0.014814681,0.012355313,0.014700669,0.015386157,0.013669775,0.014812201,0.014560698,0.014379903,0.013851591,0.013859884,0.015440009,0
0.014617783,0.013244851,0.016667934,0.014791355,0.014116013,0.01438277,0.015685922,0.012832651,0.013858739,0.013505504,0.01404937,0.014078727,0.016826024,0.014310433,0.01368969,0.013923318,0.0147377085,0.013838182,0.013588808,0.013635436,0.01269107,0.014813972,0.01746361,0.013651485,0.015179368,0.013170287,0.013631649,0.013716868,0.013464486,0.015476661,0
0.014404971,0.014200168,0.015392474,0.014895973,0.01450103,0.013167746,0.015286759,0.012667422,0.015017781,0.013522446,0.013790712,0.013033887,0.015799606,0.014089289,0.014731046,0.013352038,0.0148719,0.013976895,0.013680906,0.014460654,0.012515989,0.014499041,0.017031373,0.01375414,0.0147097,0.013374108,0.013802109,0.013782426,0.013880874,0.0153531935,1
0.014466005,0.013818373,0.014568125,0.014682178,0.014574489,0.013833501,0.01652778,0.012763607,0.014341729,0.013385784,0.013484347,0.01356841,0.015357279,0.013532221,0.013962964,0.013347182,0.014962455,0.013836922,0.013603986,0.01390841,0.013076832,0.014918823,0.016703302,0.013508395,0.014743342,0.0131524075,0.013651071,0.013742528,0.01328832,0.015479015,1
0.014103565,0.014277677,0.01368666,0.014840006,0.0139993355,0.0141247315,0.016371842,0.01272774,0.014142402,0.013157836,0.013789442,0.012854701,0.015204301,0.012941768,0.014562639,0.013033015,0.014808605,0.013161533,0.013573924,0.015000392,0.012672051,0.014217931,0.016592888,0.013239443,0.014806926,0.0132793505,0.013976451,0.013638166,0.01336368,0.015295899,1
0.014601688,0.013352037,0.017791519,0.014731614,0.014080554,0.0146372225,0.015876302,0.01271401,0.014516528,0.013578315,0.013651312,0.013479583,0.0161383,0.013083626,0.013923929,0.01386038,0.014147932,0.0134398565,0.013438009,0.014023965,0.012674189,0.013977675,0.017342301,0.013619117,0.015248595,0.013134118,0.013532702,0.013602175,0.013536834,0.015377233,0
0.0149182705,0.013239157,0.014215201,0.014561451,0.013980005,0.014056539,0.015059927,0.013491359,0.016378233,0.013167079,0.014035295,0.014157707,0.015406904,0.013498983,0.0140686575,0.014157567,0.014831778,0.0132333785,0.013571175,0.014398578,0.01228617,0.01414673,0.016442034,0.01359765,0.014756076,0.013176161,0.013557602,0.013894343,0.013246085,0.015356383,1
0.0143912295,0.014643193,0.01507971,0.015930563,0.013653989,0.0137761785,0.015993966,0.0145152565,0.013836489,0.013677498,0.013654542,0.014049596,0.0146887535,0.013400352,0.013862777,0.014448892,0.014639526,0.01355824,0.01386506,0.01460513,0.011808875,0.0147084845,0.015424305,0.01356334,0.014808018,0.013362516,0.014696066,0.01595151,0.0139637925,0.016078386,1
0.014915207,0.013981548,0.015003111,0.015501371,0.014402735,0.013597544,0.017201258,0.013213836,0.014115537,0.013333814,0.0140549885,0.013538853,0.015492399,0.013478867,0.013837184,0.013998031,0.014963876,0.013856496,0.0136494525,0.014337296,0.012751989,0.014326026,0.016848668,0.013864057,0.014212637,0.013305261,0.0145508,0.014306712,0.013975443,0.015126415,0
0.014959559,0.013843333,0.015270207,0.014977769,0.014198048,0.013711097,0.014920206,0.013102332,0.0145794125,0.013385358,0.01364116,0.013616092,0.015677951,0.014151906,0.014974077,0.013534288,0.01474518,0.013780467,0.013845819,0.014783003,0.012581475,0.014515444,0.017009081,0.014081428,0.013724911,0.013488668,0.014146162,0.013932791,0.013970412,0.015396645,1
0.015388726,0.014085158,0.015908837,0.015891796,0.014011787,0.013657995,0.015384757,0.01291353,0.014188445,0.013749966,0.014418098,0.01338976,0.0163774,0.013731049,0.014379821,0.014227153,0.014216789,0.014037045,0.014051968,0.014678705,0.012882083,0.015205214,0.017100727,0.013554897,0.01561891,0.0138663165,0.014521959,0.014697756,0.014598604,0.016284676,0
0.014536604,0.014175457,0.015019102,0.014379827,0.013933957,0.0140033355,0.014786047,0.012059808,0.014194083,0.013870588,0.013773317,0.014601318,0.01587072,0.013443058,0.013431763,0.013018539,0.013950081,0.01377079,0.013612997,0.013397481,0.0131915165,0.014445859,0.016958809,0.013250548,0.015025468,0.013664376,0.014017736,0.014385929,0.013568559,0.015482906,1
0.015223038,0.014008377,0.016315768,0.015502763,0.013690048,0.013877506,0.016047392,0.0129792355,0.014935531,0.012872832,0.014387596,0.013291132,0.015037364,0.014156591,0.014246671,0.014438567,0.014228594,0.01461815,0.01382142,0.014387767,0.012922932,0.014970506,0.016520051,0.013843939,0.015817244,0.013911448,0.014254979,0.013861205,0.014502049,0.01665617,0
0.014932553,0.013243323,0.015370366,0.014689877,0.014259359,0.01313265,0.01553914,0.012499924,0.015123843,0.013280441,0.014542693,0.013641029,0.016159456,0.013511005,0.013872218,0.013912029,0.0145839285,0.01328106,0.013872711,0.013440567,0.01287167,0.0144157745,0.018027805,0.013205841,0.01535202,0.013849285,0.013901039,0.014514442,0.013632653,0.015299072,1
0.014107327,0.014361695,0.014206188,0.015623798,0.013223851,0.014087291,0.016711937,0.012142313,0.013941233,0.01360172,0.014377982,0.01317659,0.014554752,0.013800442,0.013589576,0.013714519,0.014488739,0.013834406,0.013564656,0.01460712,0.012966987,0.01452299,0.016288495,0.013343581,0.015094004,0.013551945,0.015422767,0.014947727,0.0136838695,0.015624379,0
0.015823934,0.013611074,0.01564357,0.014804443,0.014521935,0.0128950495,0.015704364,0.014067983,0.015398756,0.013314709,0.013418954,0.013533583,0.014620455,0.013658069,0.014523058,0.0145615665,0.014465602,0.014376515,0.013869253,0.014074339,0.012687033,0.01417852,0.016933635,0.01375012,0.014479062,0.013357499,0.014068825,0.014514732,0.013776211,0.015347893,1
0.01473134,0.014467828,0.014942421,0.014864556,0.0140861925,0.0138994735,0.01694213,0.012354427,0.015082451,0.013303465,0.013923773,0.014396369,0.015229891,0.013183391,0.013672124,0.014141598,0.013936741,0.0135966055,0.013785182,0.013334651,0.012424989,0.014921398,0.016891055,0.013908619,0.015216546,0.013173904,0.013984114,0.014196596,0.013511668,0.015675947,1
0.015166081,0.014287172,0.014987503,0.015837518,0.014123403,0.012869263,0.015922593,0.012842122,0.01483329,0.013556428,0.014179852,0.013454884,0.01428321,0.0137640415,0.015175127,0.013295315,0.014848374,0.0139253605,0.014190369,0.014982815,0.0131646395,0.01476701,0.016696626,0.013617778,0.015065003,0.0139115555,0.014708303,0.0147555135,0.014234745,0.016259214,1
0.014570689,0.014274106,0.015465273,0.015603149,0.013862486,0.013444976,0.016162574,0.012676536,0.014360093,0.013745794,0.014800332,0.013997746,0.01587134,0.013729846,0.01311947,0.013575032,0.01446616,0.013895884,0.013578148,0.014834431,0.012909665,0.015122225,0.017183853,0.013134198,0.0155898295,0.013629945,0.014452604,0.014050091,0.013904532,0.016335307,0
0.014375696,0.013946319,0.015807772,0.015527476,0.0135152275,0.014030484,0.017397221,0.012978738,0.014289985,0.013835373,0.014499107,0.013815662,0.014041834,0.013958074,0.013417749,0.0131529905,0.015054064,0.013560698,0.013806532,0.014372667,0.012865954,0.014796693,0.016055489,0.013589565,0.014902138,0.013639583,0.0150583,0.014416239,0.013822372,0.015739959,0
0.014691944,0.014190239,0.0145241385,0.01581946,0.014502022,0.014087136,0.017143141,0.012488122,0.014329137,0.013696621,0.013878543,0.013592681,0.014656445,0.013815119,0.013923311,0.013242126,0.01636721,0.013983311,0.013168865,0.013825972,0.013081808,0.014598649,0.015692508,0.0135659985,0.014478606,0.013968886,0.015001075,0.014390106,0.013881253,0.015140943,0
0.014542494,0.013558926,0.014538314,0.015217969,0.013940721,0.013720142,0.014180898,0.013045058,0.014341889,0.013681281,0.013640954,0.01423517,0.016369056,0.013612392,0.0139572155,0.013928807,0.014341538,0.013683536,0.013632499,0.013816411,0.012358862,0.014678221,0.017555462,0.012914346,0.015745401,0.013827721,0.014000266,0.014366997,0.013426209,0.015768846,1
0.014497902,0.013553202,0.0156229185,0.01511429,0.014501127,0.013247427,0.018285083,0.012606983,0.014695921,0.013477045,0.013499676,0.013219249,0.015485449,0.013486291,0.014784733,0.013477696,0.01484183,0.014097822,0.013579479,0.014160102,0.012614815,0.014588678,0.017436985,0.013413194,0.014506108,0.013201781,0.013917357,0.013855306,0.013911202,0.015434209,1
0.014991689,0.013868472,0.014111585,0.015388291,0.014036339,0.0136842765,0.015967568,0.011868304,0.015298184,0.013352964,0.0140436515,0.013498256,0.015818208,0.013460817,0.01410732,0.013893318,0.014705791,0.014242921,0.01348982,0.013783524,0.012709798,0.014940325,0.01762617,0.014067695,0.015057012,0.013728664,0.014424891,0.014321982,0.014212216,0.015418232,1
0.0147599215,0.013755247,0.016422471,0.0154791735,0.013853632,0.014015516,0.0156619,0.014622619,0.014303146,0.014260408,0.014597529,0.014393121,0.015108395,0.014212398,0.013274072,0.014187887,0.015058204,0.013787354,0.013995647,0.014739864,0.012335546,0.014782803,0.01623871,0.012946227,0.014920277,0.013831547,0.014168435,0.0138398465,0.013572767,0.01583412,0
0.014669324,0.014258705,0.014664893,0.015306782,0.014341342,0.013438129,0.015789604,0.012914594,0.0143028265,0.013747295,0.013909896,0.014026912,0.014856875,0.013485194,0.013819135,0.013356641,0.01544559,0.013307253,0.013376222,0.014163284,0.012002182,0.014596245,0.016750647,0.013365156,0.014512113,0.0135900425,0.0142871225,0.013882048,0.013780933,0.015545245,0
0.0149746165,0.014675131,0.013411702,0.014740194,0.014433922,0.01344047,0.017695049,0.0121097835,0.014238132,0.013639749,0.013416425,0.013345964,0.015091992,0.012062268,0.013404879,0.013107763,0.014532378,0.013498816,0.013700816,0.013389482,0.012392891,0.014223565,0.016786084,0.0134716835,0.015058337,0.012902956,0.013836968,0.013811753,0.013954367,0.015160997,1
0.015109269,0.013701198,0.014462532,0.015256815,0.014299167,0.014693484,0.01586794,0.012348864,0.015393268,0.013677047,0.014299279,0.013808067,0.015681218,0.013090681,0.0137519585,0.013778045,0.015257032,0.013958564,0.013534069,0.013459528,0.012814697,0.014927443,0.017029528,0.014061635,0.015593352,0.013824472,0.0145033635,0.014254234,0.013958796,0.01562382,1
0.015241702,0.014416126,0.014116382,0.015485771,0.014465731,0.013297003,0.015400741,0.012662912,0.015061572,0.013847437,0.014170279,0.0138797145,0.01505062,0.012218261,0.014949267,0.014015551,0.014367966,0.013622355,0.013872302,0.013373333,0.012725624,0.014061406,0.016529435,0.01318287,0.015078805,0.013487435,0.014083247,0.01438428,0.014183881,0.016350806,1
0.014376508,0.014282571,0.014548795,0.014901376,0.014164832,0.013309844,0.01584995,0.011819559,0.014503994,0.013442425,0.013083339,0.012951787,0.015830131,0.0137499105,0.0138324145,0.012832036,0.013963462,0.014024127,0.01396467,0.012901463,0.013177344,0.014225207,0.0174103,0.013543627,0.015408299,0.013819635,0.013875951,0.013969552,0.013563987,0.0155759575,1
0.014411533,0.013939403,0.014748516,0.014939376,0.014124273,0.01302759,0.016138162,0.012188703,0.015959973,0.013413734,0.014043001,0.013441228,0.01647603,0.012976066,0.013398021,0.01354358,0.014330321,0.013471555,0.013884674,0.012705548,0.012988947,0.014210768,0.017715354,0.013319323,0.0153809935,0.013783609,0.014070478,0.014317237,0.013651171,0.015247935,1
0.014273346,0.014448303,0.01821844,0.015819948,0.013595946,0.014465928,0.01754034,0.012381065,0.014045327,0.013101525,0.01467804,0.012750817,0.013406636,0.013358057,0.013336069,0.012819946,0.013977551,0.013859534,0.0136375,0.014365318,0.013704113,0.014860874,0.016166119,0.013384562,0.016334202,0.013768085,0.014904268,0.013856937,0.013812059,0.016657803,0
0.014696474,0.013982514,0.016190566,0.01523406,0.013879297,0.014259163,0.016252583,0.012572423,0.0154360905,0.013701616,0.014302738,0.013855938,0.015516095,0.013169161,0.01364804,0.014298696,0.013850781,0.014387348,0.0138372285,0.012898763,0.012879888,0.014498012,0.016849581,0.013858053,0.015889576,0.014113506,0.014048841,0.014095616,0.0136452615,0.016367672,0
0.014663342,0.01486076,0.0144259175,0.0149521455,0.013505782,0.014110217,0.016715359,0.012690159,0.014654799,0.013296684,0.014203677,0.01283625,0.0153125115,0.012867302,0.013724623,0.013838382,0.013973687,0.014497935,0.013569802,0.013573309,0.01227266,0.014470661,0.017266179,0.013944266,0.01509804,0.013308074,0.013568915,0.013594155,0.013829261,0.015554578,0
0.014360641,0.014071835,0.01736405,0.015893187,0.013719929,0.014866398,0.015469856,0.013209095,0.013675883,0.014642492,0.013798945,0.013013043,0.015585403,0.013391594,0.013831428,0.0135433925,0.013797151,0.013973563,0.013611234,0.013768026,0.012974757,0.014283637,0.0164639,0.013802301,0.015057718,0.013550417,0.014214424,0.013649246,0.01430916,0.015147398,0
0.0151622025,0.014629971,0.014417605,0.015352415,0.014712193,0.01416914,0.016847458,0.013175186,0.0135430535,0.013542803,0.013208408,0.013605319,0.014238646,0.014060904,0.013912564,0.0140199475,0.016292734,0.014165133,0.013599174,0.013662641,0.012428889,0.014236074,0.015944827,0.014081893,0.0144905355,0.013868387,0.014469402,0.014193708,0.013799568,0.014840342,0
0.015345211,0.014336133,0.014601595,0.015895266,0.014010451,0.014237917,0.015910214,0.013139378,0.015598296,0.014279627,0.014433143,0.014113806,0.01455209,0.012879522,0.014235174,0.014755746,0.014359359,0.013627383,0.013905872,0.013957926,0.012895091,0.014576041,0.01620665,0.01353858,0.015610895,0.01369298,0.014248911,0.014007684,0.014150889,0.016667714,0
0.014097007,0.013778958,0.014613138,0.014890075,0.013999389,0.013497834,0.017187737,0.012291025,0.014381372,0.013242399,0.013297201,0.0132324025,0.015469909,0.012884703,0.014191405,0.013651816,0.013508353,0.013402121,0.013676668,0.012441047,0.013803795,0.0141306855,0.016979473,0.013676335,0.0147697,0.013463874,0.014159588,0.014547522,0.013446251,0.015337582,1
0.014478188,0.0145385135,0.016745444,0.016259715,0.014234624,0.013754437,0.015858022,0.012645352,0.014577557,0.014162678,0.013628817,0.013090446,0.015471531,0.014042831,0.014365222,0.013887887,0.014671909,0.0150579745,0.014373853,0.014403778,0.012516001,0.014331655,0.01611567,0.013969497,0.01526377,0.013901312,0.014592708,0.014238219,0.014035386,0.015532709,0
0.014163848,0.014427142,0.01395235,0.015392135,0.013802366,0.012971662,0.016853156,0.012002119,0.0138265155,0.013331737,0.014232343,0.012659391,0.015594465,0.01339983,0.014047454,0.013243624,0.014227734,0.014151918,0.013892113,0.014090459,0.0128520485,0.014639778,0.016534075,0.01356631,0.01552357,0.013788626,0.014845387,0.014134358,0.013648522,0.015964624,1
0.014522898,0.01373252,0.01583171,0.015282678,0.013684303,0.014856297,0.016823253,0.012796499,0.014192853,0.013626504,0.014411828,0.013490406,0.01442519,0.013131331,0.013785287,0.013105101,0.013612182,0.014007012,0.013699511,0.013570645,0.013908396,0.01510624,0.015846526,0.013447144,0.015550803,0.013578802,0.014270553,0.014217253,0.013508087,0.016533626,0
0.01526923,0.014115845,0.015334263,0.015518339,0.014412545,0.013781309,0.015525635,0.012224497,0.014480656,0.013618645,0.013891678,0.0136422785,0.015294362,0.014073178,0.0142120775,0.014732431,0.015626837,0.0143714575,0.014155555,0.013846599,0.012401014,0.014256625,0.015856383,0.014424842,0.014966933,0.014529718,0.014450447,0.014403847,0.014011495,0.014808258,0
0.014466993,0.013771987,0.01618732,0.015038514,0.014226356,0.013087832,0.014766889,0.013152812,0.013742961,0.013588704,0.013868671,0.013938382,0.014810258,0.013376233,0.0138423415,0.0140833985,0.0144194625,0.013641136,0.013746781,0.013848649,0.012380898,0.014062496,0.016710898,0.01371806,0.0146833705,0.0135506885,0.013525327,0.013967258,0.0133523885,0.015188291,1
0.015092008,0.013994655,0.015088636,0.015581027,0.014312782,0.014164699,0.017374936,0.013579534,0.014056152,0.0132981185,0.013372165,0.01347204,0.013939629,0.013704448,0.014036886,0.014240032,0.01656665,0.013044298,0.014104372,0.013786721,0.012603001,0.014517532,0.015457851,0.013753968,0.014345429,0.014165326,0.014429124,0.014181556,0.013664609,0.014461916,0
0.014330638,0.013766164,0.014296656,0.015659787,0.01377082,0.013630946,0.01710579,0.010987496,0.01407585,0.013784686,0.014021148,0.013209005,0.014752717,0.013496952,0.013639603,0.013131959,0.014624191,0.013514792,0.013134962,0.013876903,0.013406614,0.014144062,0.01634538,0.013282056,0.014642536,0.013779016,0.014424145,0.014105425,0.013870306,0.015538586,0
0.01476219,0.014082486,0.0148892915,0.015000004,0.01402501,0.01377096,0.0150882825,0.012909867,0.013562839,0.013515495,0.013779105,0.013568522,0.016067388,0.014323533,0.0137646785,0.012709955,0.0150802,0.013966791,0.013581521,0.014168619,0.012876341,0.014200702,0.017026475,0.01556657,0.015011096,0.014073232,0.013579775,0.013560097,0.013687131,0.015536118,1
0.014404332,0.0141938105,0.014165568,0.0154875275,0.013877751,0.013205892,0.01780607,0.011635212,0.01386553,0.013343276,0.013674295,0.013369426,0.015548199,0.013362747,0.014840414,0.013387185,0.0147593375,0.013683211,0.013582913,0.0138423545,0.01299767,0.014489617,0.016916715,0.013730729,0.014560255,0.013413469,0.014391236,0.014192577,0.013880628,0.014918707,0
0.013726359,0.013673315,0.015424272,0.015091249,0.014052688,0.013937912,0.016397811,0.012572693,0.014467804,0.013137896,0.013000524,0.013145516,0.016278898,0.0137890335,0.013900859,0.013263753,0.01478396,0.0135347815,0.013387611,0.013771011,0.012559153,0.014620948,0.01670942,0.013769834,0.015016888,0.012445459,0.013864648,0.013276839,0.01371971,0.015563523,0
0.014614985,0.014730049,0.01535795,0.015933275,0.013886242,0.014166271,0.0160434,0.013072971,0.014650278,0.014319448,0.014095562,0.013595343,0.013957045,0.013268542,0.013836659,0.013057668,0.014624947,0.013551172,0.013881287,0.014313071,0.012406636,0.014610368,0.014220201,0.01332957,0.013842427,0.013625153,0.014765829,0.014396165,0.014296098,0.015899662,0
0.014855919,0.0139105525,0.017002963,0.015143821,0.014032682,0.014384834,0.015181267,0.012757745,0.01484734,0.014230721,0.014028848,0.014637473,0.015462433,0.013676088,0.013745649,0.013797144,0.014188963,0.014321724,0.014010237,0.013604354,0.01287404,0.014532987,0.016534435,0.013407667,0.015414506,0.01410294,0.013787623,0.014064875,0.013568611,0.015960746,0
0.014667165,0.013801662,0.014231773,0.015320643,0.01405461,0.013105461,0.01562016,0.012403266,0.014830777,0.013117957,0.0147373825,0.012957247,0.016436076,0.013507561,0.013858518,0.0131867835,0.0143502215,0.013638359,0.013915988,0.013497881,0.013350248,0.014811871,0.017029446,0.013119893,0.015388098,0.014098663,0.014421052,0.014114307,0.0137041155,0.01615372,1
0.01493371,0.013982171,0.014342075,0.015303606,0.013809327,0.013854874,0.015142801,0.012838695,0.014529967,0.013430636,0.014349486,0.014112366,0.017398002,0.013312325,0.014094517,0.013760061,0.013956282,0.013919415,0.013878471,0.012651092,0.013033361,0.014453279,0.016572367,0.013541311,0.01584056,0.014232292,0.013996202,0.014347806,0.013839244,0.016168626,1
0.015854444,0.014107314,0.014914877,0.015325694,0.014243129,0.013761797,0.015403406,0.013272957,0.014802874,0.013729654,0.01359661,0.013587219,0.014728583,0.013883071,0.014650212,0.014448796,0.015876539,0.013689259,0.013897112,0.014224029,0.012664303,0.014091172,0.015872933,0.014291243,0.014271981,0.014221635,0.014295388,0.014185815,0.013933426,0.015119212,0
0.01523291,0.0136958165,0.014442596,0.015203713,0.013697703,0.01465746,0.016399452,0.012926157,0.015509781,0.013241742,0.014465016,0.01341854,0.01634694,0.01350297,0.013668824,0.014136459,0.015266243,0.014129557,0.013680381,0.013713549,0.012832269,0.015825957,0.017795052,0.014846581,0.015927516,0.014020398,0.01404225,0.013997357,0.014198345,0.016167598,1
0.014172808,0.01467042,0.014602198,0.015736446,0.014552036,0.013384753,0.017022062,0.012216589,0.013560809,0.013595916,0.014308873,0.013669628,0.014078356,0.013351068,0.014336555,0.013112311,0.014610254,0.013510554,0.013495231,0.014068636,0.013128959,0.0145345945,0.015778512,0.013290803,0.015293959,0.013341468,0.014713396,0.014694242,0.01384014,0.015404398,1
0.014649157,0.013857415,0.017858336,0.015014276,0.014418098,0.013423178,0.016648764,0.012431533,0.013872357,0.0133368075,0.013272346,0.013461615,0.015487333,0.013809205,0.014437257,0.013600346,0.0148619935,0.013727783,0.013474557,0.013617668,0.013430572,0.014292181,0.01705194,0.013779799,0.0138494335,0.01320126,0.014231894,0.014052269,0.0137547795,0.015509758,1
0.0156164095,0.0145169515,0.0153878685,0.016223809,0.01408102,0.014269229,0.016108463,0.013282517,0.0152169615,0.014151558,0.014236128,0.013305286,0.015654732,0.013731195,0.014392833,0.014128918,0.015924655,0.013858013,0.01389965,0.014539886,0.012210452,0.0141643565,0.015267228,0.014260843,0.014544588,0.014020698,0.015053356,0.014216297,0.014582621,0.015352751,0
0.01521924,0.0143894255,0.014336597,0.0153019205,0.014076037,0.013901454,0.01573851,0.012492705,0.014957288,0.013950577,0.013565023,0.013288124,0.015908273,0.013882507,0.013802878,0.013760225,0.015821507,0.013695501,0.0137024075,0.013717747,0.0125328265,0.014197054,0.016032666,0.014253239,0.014590293,0.014012368,0.014291009,0.013866736,0.013982111,0.01475299,0
0.015193409,0.013779097,0.014874228,0.01547461,0.014156323,0.015145471,0.016586151,0.013519859,0.014229915,0.0137752285,0.013653273,0.013845346,0.015262117,0.013984463,0.01346873,0.014006518,0.01688021,0.013867452,0.013323435,0.013770407,0.01270872,0.0145607805,0.0155095365,0.014008075,0.015233716,0.014709589,0.014077043,0.013819811,0.013861222,0.015111405,0
0.014777023,0.014153739,0.01460031,0.015959714,0.013835975,0.012881741,0.016939495,0.012752557,0.014272337,0.013301086,0.014388783,0.012851385,0.016387016,0.013908022,0.014003679,0.013841178,0.014486762,0.014383632,0.014325598,0.014220772,0.013677345,0.014762489,0.015695408,0.013585342,0.0148689775,0.013971448,0.015057971,0.014837428,0.013980393,0.016364526,1
0.014654704,0.013856508,0.013879977,0.015085645,0.0139304595,0.0147089055,0.017135084,0.013762122,0.014306499,0.013527278,0.013279495,0.013655659,0.01596645,0.013147616,0.01335259,0.013746638,0.01446597,0.013565532,0.013714133,0.013035637,0.012850136,0.014151055,0.016507575,0.014089995,0.01485315,0.013512373,0.013622099,0.0136547815,0.013313755,0.015442998,1
0.014400436,0.01439173,0.014425053,0.015616475,0.01360811,0.01457133,0.017228559,0.012801085,0.013772768,0.01360596,0.014897287,0.013263345,0.013748901,0.01322623,0.013670492,0.012670334,0.014866147,0.0139350435,0.013765889,0.013897566,0.0127868345,0.014735746,0.01632252,0.013302041,0.0163185,0.012991774,0.014717688,0.014425993,0.013594913,0.015529986,1
0.01459293,0.014339434,0.01517531,0.015765648,0.014013421,0.01356527,0.01669064,0.013982425,0.014579479,0.013830565,0.0133292135,0.0140542565,0.014957312,0.013486163,0.013580979,0.0144063765,0.014859985,0.014269912,0.014132159,0.013739737,0.0132581275,0.014509729,0.016193297,0.013142305,0.014530401,0.013206233,0.013986717,0.014090491,0.013930893,0.015450219,0
0.014811599,0.013661196,0.015287602,0.015955722,0.012893316,0.014573366,0.016278723,0.013667227,0.015215334,0.013641395,0.016014574,0.013204425,0.016606405,0.0136008235,0.013413521,0.013907675,0.014176227,0.014225101,0.014426886,0.013238555,0.0130494,0.014779468,0.016617052,0.013760812,0.0170246,0.014072363,0.014873095,0.014919132,0.013642443,0.01636605,1
0.014474193,0.014292894,0.015318282,0.015605492,0.01410514,0.014070996,0.018545553,0.013355341,0.013772455,0.013824382,0.014292533,0.013302424,0.014598355,0.013682073,0.013416852,0.0131146135,0.014909797,0.014106128,0.013943066,0.014275958,0.013161574,0.0151073765,0.016594548,0.01374802,0.014981129,0.013396402,0.014649187,0.013803873,0.013862994,0.016131623,0
0.014367918,0.014118444,0.014873253,0.01533736,0.014250193,0.013717931,0.01599408,0.012746438,0.015685514,0.013423394,0.014087642,0.013308319,0.01615059,0.013181945,0.013634434,0.013985338,0.0139983725,0.014038467,0.013990793,0.01313072,0.01305385,0.014069596,0.01723749,0.013606864,0.015333224,0.013914622,0.014248736,0.0145610375,0.013358164,0.01554422,1
0.015619514,0.014064161,0.015836759,0.015333526,0.01397833,0.01427136,0.015772626,0.013038122,0.01497274,0.013446079,0.014163312,0.012705847,0.015061797,0.014736213,0.013979594,0.013854209,0.015372217,0.014360094,0.014083652,0.013889602,0.012718181,0.014595694,0.015598906,0.014620631,0.014858005,0.014347341,0.013996613,0.013846076,0.013738622,0.01526265,0
0.013865586,0.0151470965,0.014094853,0.016125686,0.014015856,0.013650011,0.017608264,0.012165682,0.0143392915,0.013572897,0.013734522,0.012613419,0.014495301,0.013478919,0.013106699,0.013127963,0.014556126,0.014005909,0.013758884,0.014238373,0.012690851,0.01428677,0.01573031,0.013628838,0.01438002,0.013387201,0.014654132,0.014161404,0.014066179,0.015744714,1
0.013912919,0.013998107,0.014730728,0.0149342,0.014188919,0.012680351,0.01533468,0.0125729265,0.014630271,0.013572296,0.01409168,0.013417382,0.015546746,0.013472359,0.012699935,0.012872708,0.014885558,0.013416553,0.013686718,0.013765021,0.0128723215,0.014701366,0.01705915,0.013059714,0.014875467,0.013523979,0.014022364,0.013619536,0.0135893235,0.01570966,1
0.0143546965,0.014873343,0.0148263285,0.016018035,0.014490372,0.013735115,0.016658375,0.012950677,0.014410264,0.013784572,0.014157199,0.013193904,0.012813336,0.013606635,0.014385976,0.013225954,0.01500638,0.014099669,0.013773444,0.014508219,0.012340099,0.014630564,0.01692193,0.01301531,0.015711758,0.0134894075,0.014889119,0.014436015,0.01427789,0.016227826,1
0.014775353,0.014017636,0.015024246,0.015678382,0.0146683,0.014445625,0.017118672,0.013065174,0.013980277,0.013765288,0.013683235,0.013266968,0.014951508,0.013824372,0.013730729,0.013501582,0.017334104,0.014024849,0.013580012,0.01380212,0.013501237,0.014362049,0.015697526,0.013923974,0.014298962,0.013820243,0.0144470185,0.014926969,0.013880617,0.014581197,0
0.015118524,0.014548739,0.013405581,0.016042888,0.014144478,0.012859242,0.01747755,0.012788628,0.0149561,0.013670028,0.01451771,0.013407005,0.015318559,0.013853868,0.014641618,0.013329981,0.015841052,0.013622835,0.013920796,0.014321613,0.01292221,0.014641032,0.01537486,0.013565229,0.014890305,0.013591426,0.014727284,0.014474994,0.014324769,0.016311534,1
0.015674697,0.01432658,0.016087193,0.016071837,0.014146572,0.013774473,0.015877077,0.013487536,0.0142341675,0.014143531,0.014192545,0.0136524625,0.015200373,0.013699952,0.014250797,0.014714099,0.014929216,0.014268256,0.014544525,0.014466311,0.013119369,0.014011887,0.016116256,0.0132760145,0.015824417,0.013739628,0.014165385,0.013840796,0.014196219,0.016411642,0
0.014618643,0.014261208,0.014476504,0.015582535,0.013800941,0.013518198,0.014949793,0.01222553,0.013856917,0.013592492,0.014734569,0.014034924,0.01668765,0.01321446,0.013543806,0.012617129,0.014235208,0.013915728,0.014233655,0.013928102,0.013902166,0.014492266,0.016833574,0.012843584,0.015350634,0.013707779,0.014184092,0.014245458,0.013242869,0.015789406,1
0.01517176,0.0141184665,0.015240238,0.015522508,0.01402232,0.013967358,0.016198779,0.012649718,0.0155623425,0.0135346195,0.014071421,0.013739317,0.016128596,0.013016981,0.013982607,0.014200498,0.01471721,0.014189866,0.014229775,0.013506071,0.013230185,0.013453761,0.017050715,0.013638946,0.015163182,0.01360141,0.013996388,0.014099091,0.01377016,0.015809732,1
0.015727192,0.014074545,0.014084504,0.015915679,0.013832955,0.01416369,0.016115239,0.013933481,0.015310085,0.013883789,0.014919149,0.013676447,0.015290091,0.013246299,0.014327183,0.0139206005,0.015238764,0.013276449,0.014398618,0.014225469,0.013036488,0.014818454,0.0155235985,0.013459238,0.015841048,0.013696751,0.014834356,0.014732236,0.014511648,0.016667563,1
0.014608749,0.014106694,0.014092253,0.01553212,0.013658148,0.013906694,0.016569646,0.012734451,0.013783427,0.013248474,0.014108958,0.01328981,0.015108511,0.013540651,0.013745328,0.013632894,0.014753247,0.01381769,0.013783164,0.013756089,0.013924347,0.013759298,0.015923616,0.013429769,0.014932776,0.013520067,0.013892512,0.013891007,0.013641045,0.015502421,0
0.014853265,0.014367391,0.015036207,0.015304691,0.0144171715,0.014107601,0.016298678,0.012249284,0.015003418,0.013750121,0.013525516,0.013465527,0.01580611,0.012662741,0.013873864,0.013541289,0.01437075,0.01393014,0.014431189,0.013349772,0.01349087,0.013734227,0.017945401,0.013316085,0.014895181,0.013582496,0.01420697,0.014405752,0.013470528,0.015069418,1
0.015218244,0.013643211,0.016412606,0.015478293,0.014066439,0.013417165,0.016238268,0.013662676,0.013916201,0.013450893,0.014169021,0.013822476,0.015966596,0.014706989,0.014197327,0.013699264,0.01524553,0.014418548,0.014486371,0.014549823,0.013263194,0.01475044,0.016843054,0.013890986,0.015477585,0.01414995,0.01421331,0.01378553,0.013899209,0.01603485,0
0.014835932,0.014227567,0.01514174,0.015195778,0.014350665,0.012937827,0.015882272,0.012404263,0.013785042,0.013608986,0.0137157515,0.013610303,0.015786344,0.014145678,0.014107084,0.0125749195,0.01504787,0.013952348,0.014055456,0.014032807,0.013152727,0.014151081,0.017523348,0.013660739,0.014374616,0.013736732,0.014070052,0.013897502,0.013925841,0.0154642705,0
0.014949851,0.014156348,0.015291301,0.015618963,0.014027837,0.014027063,0.016995514,0.012146375,0.014263812,0.01418038,0.013935387,0.013590258,0.015507761,0.0142776,0.014196285,0.013703155,0.01657078,0.014281676,0.013908203,0.014182231,0.0127686635,0.01420438,0.015164604,0.013989884,0.0149633065,0.013946826,0.014297363,0.014312092,0.013889917,0.014867604,0
0.015041588,0.014602962,0.013159884,0.015680915,0.013980865,0.012316741,0.016007865,0.013034235,0.014717465,0.013517522,0.014070023,0.012979976,0.015197647,0.013418405,0.014611542,0.013693242,0.015102301,0.013205965,0.014417329,0.014610808,0.013049856,0.014238359,0.016269201,0.013461082,0.014576689,0.013756605,0.014728127,0.015160302,0.014375785,0.0154726105,1
0.014837832,0.0143758375,0.015772372,0.015870817,0.0139899375,0.012682191,0.017326392,0.0129484115,0.014164563,0.014092631,0.0140925925,0.013701413,0.015818808,0.013798201,0.013456715,0.013421682,0.014897318,0.0142535865,0.014613948,0.0144123845,0.0131766535,0.014364875,0.016760508,0.013478435,0.014715347,0.013575631,0.014273982,0.013935004,0.013979213,0.01583821,0
0.014804201,0.01412584,0.014020623,0.01575384,0.013523324,0.014006857,0.015780622,0.012969955,0.013751288,0.013683217,0.01500154,0.013596743,0.016675001,0.013558189,0.013581033,0.013662281,0.014239091,0.014006891,0.014254594,0.013398415,0.013479849,0.014623781,0.015821002,0.013385052,0.015730703,0.013919435,0.014217085,0.014465197,0.013571379,0.016245527,1
0.015195785,0.014278373,0.014535504,0.015759453,0.01421246,0.014443772,0.016961483,0.013326913,0.014030596,0.014005132,0.014273155,0.014192339,0.015026181,0.013598484,0.013972769,0.014030537,0.016702464,0.013724619,0.013877937,0.013876673,0.013047007,0.01414535,0.014944527,0.013960363,0.015365345,0.014008308,0.014629207,0.014528913,0.014011255,0.014696034,0
0.015234626,0.01444838,0.0146819195,0.015784461,0.014152133,0.014326736,0.01707229,0.013016246,0.013686944,0.013874727,0.014046616,0.014078867,0.013860069,0.014071187,0.013908889,0.013747512,0.016824687,0.013788579,0.0140850935,0.014127079,0.013606744,0.014522138,0.014380273,0.013798209,0.015148704,0.01459832,0.014576851,0.014373207,0.013656273,0.014952827,0
0.014521495,0.014075231,0.018537795,0.015979221,0.01387095,0.013679336,0.016672652,0.012533359,0.013022913,0.013400018,0.014178659,0.013140803,0.014967982,0.013822637,0.013673898,0.0135758445,0.0146661205,0.013932879,0.0137552265,0.014458245,0.0142911775,0.01474094,0.015831143,0.0133217815,0.015084029,0.013622245,0.014201334,0.014008504,0.013825187,0.015759898,0
0.015525289,0.014422381,0.015090069,0.015728848,0.014203437,0.0139592895,0.015683534,0.012407238,0.014179551,0.01413136,0.013546675,0.013488102,0.015732903,0.014245133,0.014233202,0.014216772,0.016515464,0.013932121,0.014173841,0.014302487,0.012550827,0.01392475,0.015828377,0.014349115,0.014599864,0.01413934,0.014308261,0.013845442,0.014140174,0.014615093,0
0.014590683,0.014057631,0.016537715,0.015249197,0.013856696,0.013400438,0.016066594,0.011954959,0.013675085,0.013338145,0.013737596,0.013820161,0.015040125,0.013729704,0.01389187,0.0131623205,0.014877382,0.013651447,0.014169594,0.014301097,0.013841332,0.014434489,0.01618738,0.013807961,0.014531409,0.013571704,0.013733167,0.013798747,0.013670396,0.015587514,1
0.01550528,0.013834848,0.015787335,0.015066646,0.014256138,0.0137340445,0.01591829,0.012685892,0.014022103,0.0135428775,0.013591453,0.013287879,0.015974727,0.0138869705,0.013913369,0.01425053,0.014812905,0.014159998,0.014356236,0.013471534,0.013847587,0.0142906215,0.0176588,0.0137891555,0.015342584,0.013950751,0.013843436,0.014253531,0.013995849,0.015634658,1
0.015431611,0.015100668,0.012488454,0.015493663,0.013877286,0.013521099,0.016222214,0.011786682,0.016549496,0.013700837,0.013547762,0.0124946665,0.014157204,0.012464016,0.013906767,0.014043755,0.014097453,0.013473055,0.01418843,0.013494527,0.013472499,0.01392317,0.017464656,0.013411159,0.015384537,0.013229512,0.014252682,0.01486616,0.014333992,0.015411913,1
0.014545167,0.013484823,0.01541301,0.014820162,0.013905909,0.01372678,0.016365383,0.011886297,0.0143832145,0.013259348,0.013480275,0.012785822,0.016106278,0.013872432,0.013398685,0.013544862,0.014563772,0.01348629,0.013658511,0.013480291,0.013250609,0.014217799,0.01720338,0.013649387,0.014825306,0.01351986,0.013562535,0.013312776,0.013667057,0.015387547,0
0.014277079,0.014542176,0.015219084,0.015455479,0.014136983,0.013144742,0.017147264,0.012362895,0.01383803,0.013260226,0.013273848,0.013198534,0.01387583,0.013744738,0.0141533455,0.012932747,0.014483931,0.01345059,0.013981043,0.014479441,0.01361962,0.014196404,0.016284592,0.013579344,0.014581715,0.013312763,0.014727739,0.013823113,0.013855778,0.015513263,1
0.014492589,0.014288988,0.014945369,0.0150782345,0.014664007,0.012767052,0.017307814,0.011339276,0.013232422,0.01368107,0.01282684,0.013702168,0.015257936,0.013173182,0.013933736,0.013595719,0.014597324,0.013678997,0.013904243,0.013880966,0.013938297,0.013796825,0.016862407,0.013460879,0.014314849,0.013140629,0.014296205,0.013849196,0.013582338,0.014590161,1
0.014569463,0.013784722,0.0143282,0.015316447,0.01367562,0.0134849,0.016793652,0.012223177,0.013547952,0.013857308,0.013874621,0.012604576,0.01503546,0.013527897,0.013533977,0.013195908,0.014819863,0.013733208,0.013929228,0.014129758,0.014943438,0.013798587,0.016919771,0.013493758,0.01520128,0.013705357,0.014191792,0.013785027,0.013916437,0.015214939,0
0.015269052,0.01454746,0.014285299,0.015961882,0.013623802,0.013421596,0.01695743,0.012625008,0.014045847,0.01359258,0.014588928,0.013724549,0.014466191,0.0133770825,0.014168663,0.014459383,0.01502953,0.01345439,0.014106036,0.014534919,0.014302822,0.015602689,0.015452622,0.013071209,0.015493939,0.0136394,0.014299528,0.014296546,0.014050966,0.016833818,0
0.0154137295,0.014586033,0.014803556,0.01615313,0.013969391,0.014042071,0.01647767,0.012694281,0.015422305,0.013667623,0.014401682,0.013234998,0.015748514,0.013737294,0.014119627,0.014218116,0.01563755,0.014385459,0.014205754,0.014194118,0.012801423,0.01453215,0.015659066,0.014462564,0.015071779,0.014272748,0.015333686,0.014695342,0.014437032,0.01563451,0
0.015092718,0.013905898,0.014239941,0.014920625,0.014165685,0.013951071,0.01531875,0.01175975,0.014001556,0.013573993,0.014008241,0.0131707555,0.01584021,0.013221429,0.013705123,0.013840833,0.014509767,0.013806867,0.0138725145,0.013652867,0.013188866,0.0145590855,0.017593024,0.013698008,0.015217514,0.013583425,0.013979797,0.014278279,0.0137614515,0.014968937,1
0.0139598325,0.014268421,0.013800021,0.015897084,0.012998628,0.013739816,0.01654963,0.012289257,0.013870108,0.013689744,0.014447066,0.013513705,0.014796475,0.013335986,0.013836465,0.012867111,0.014618113,0.013164997,0.013741074,0.013889831,0.014619191,0.014656566,0.015644288,0.013277587,0.01610381,0.013698597,0.014676985,0.016657157,0.013733872,0.015116085,1
0.014646358,0.014018163,0.018046737,0.015405771,0.01372431,0.014077792,0.01737156,0.012975544,0.014218545,0.0138081545,0.01326679,0.014085166,0.01490036,0.013125345,0.013363019,0.013044842,0.0145293,0.01333449,0.01402297,0.013690121,0.014295943,0.0142289195,0.01571036,0.013390223,0.015824085,0.0134890415,0.014803269,0.013017387,0.013941742,0.014938578,0
0.014684414,0.014496203,0.013516899,0.015360672,0.013984794,0.0125241615,0.015788015,0.012189601,0.013405529,0.013460605,0.013737849,0.013248466,0.014835148,0.013566584,0.01392584,0.013882969,0.014559311,0.013253115,0.014096711,0.014569644,0.013584242,0.01413397,0.01641558,0.013152187,0.014506917,0.013543014,0.013706808,0.0141527755,0.013792538,0.015382384,1
0.014895315,0.01402468,0.015703514,0.015383577,0.014149692,0.01380476,0.01549067,0.01296409,0.013898234,0.014105499,0.013733003,0.013633931,0.016490035,0.013757549,0.013980464,0.01412298,0.01471968,0.014243535,0.014499011,0.01397674,0.013011635,0.01417231,0.017057527,0.013780519,0.01534703,0.013945248,0.013847586,0.0137472255,0.014133,0.01568583,0
0.015722662,0.014058255,0.015687648,0.015348198,0.014118757,0.0128626805,0.014565365,0.013047556,0.01669611,0.013378332,0.013928221,0.013421322,0.015627043,0.013757104,0.014359373,0.013996013,0.014071849,0.013923849,0.014188019,0.013663536,0.012996595,0.013860687,0.0171345,0.013767766,0.015278792,0.013810125,0.014143674,0.014368637,0.015432567,0.01539638,0
0.014920461,0.014339088,0.01424858,0.015036839,0.014051898,0.013750541,0.016979767,0.011082261,0.013702848,0.013466195,0.013685763,0.013611272,0.015328786,0.013031413,0.01348224,0.013384979,0.014503385,0.0134755485,0.013815002,0.013189916,0.013631008,0.014231672,0.01680196,0.013090712,0.015295523,0.0130758565,0.013525072,0.014372019,0.0136036305,0.0151872495,1
0.015434611,0.014379891,0.015513978,0.016263604,0.013742032,0.013868418,0.016873665,0.012986326,0.014075695,0.013598679,0.014640264,0.013195742,0.015240918,0.0137185175,0.014299113,0.013727719,0.014794792,0.0143703865,0.014310915,0.014351186,0.014013118,0.014836333,0.016543321,0.013715672,0.016356481,0.0141240945,0.014841769,0.014626951,0.014631415,0.016504752,0
0.015242435,0.013234516,0.014876294,0.014685464,0.013855176,0.013671563,0.015004402,0.01308735,0.014606352,0.0131751625,0.014201812,0.014040004,0.016729724,0.013978996,0.013438235,0.013909218,0.014767969,0.013349596,0.013870018,0.013162385,0.012953622,0.014779165,0.017629992,0.013690635,0.015292275,0.013566014,0.013509428,0.013989987,0.013154725,0.015276902,0
0.015548018,0.014113593,0.0132551845,0.0147885615,0.0140803605,0.014568703,0.016325168,0.012191531,0.015704034,0.01318066,0.013821825,0.013255782,0.015274836,0.012994358,0.01361791,0.013601022,0.014949447,0.012724433,0.013622194,0.012775341,0.01320493,0.013753465,0.017233208,0.012861483,0.014970222,0.012940224,0.0136405965,0.014045326,0.013636867,0.014868363,1
0.015329373,0.014643762,0.0148915835,0.016380452,0.014429814,0.013347076,0.016860472,0.013073712,0.014068551,0.013847082,0.013974219,0.013197911,0.014761726,0.013665365,0.014975283,0.013729848,0.01565863,0.014064526,0.01426683,0.014649999,0.013374134,0.014033598,0.016208602,0.013473847,0.014391179,0.013907224,0.015158243,0.014772328,0.014332502,0.015678864,0
0.0148810595,0.013911519,0.01560164,0.015188142,0.013782253,0.013342515,0.017426549,0.012912046,0.012812817,0.013577814,0.0136575615,0.014035938,0.015414814,0.014381258,0.013605085,0.013085127,0.014864619,0.013744788,0.013874458,0.013994051,0.014270916,0.014186157,0.017237382,0.013426035,0.015586055,0.013699404,0.013805307,0.013612706,0.013638217,0.015878089,1
0.01425659,0.015276293,0.01431785,0.015107527,0.014004976,0.013346734,0.018384231,0.0119092865,0.015099645,0.013433027,0.01348677,0.013165926,0.015120648,0.013045801,0.013812165,0.012600213,0.01456776,0.013479102,0.014290189,0.01384846,0.01308228,0.014172727,0.017092366,0.013379224,0.015146805,0.013292694,0.014303786,0.013902067,0.013682458,0.01514725,1
0.015338139,0.013820148,0.0151058445,0.014684247,0.01425947,0.012304502,0.014974286,0.013371812,0.014483165,0.013183013,0.013908262,0.014160583,0.01613327,0.01359493,0.013697569,0.014515046,0.01461909,0.013633043,0.014000261,0.013248667,0.012438096,0.014520059,0.01760428,0.014052898,0.015184768,0.013817034,0.013893733,0.014512767,0.014337573,0.015273031,1
0.014907712,0.0151195,0.01453645,0.01569654,0.013973991,0.012723655,0.015042665,0.013084755,0.014692798,0.013851142,0.013403984,0.013902611,0.015181135,0.013174831,0.013878217,0.014395623,0.014417205,0.014420178,0.014437958,0.01350631,0.0130002955,0.013742699,0.016776945,0.013672473,0.0148948915,0.013283551,0.013649275,0.014296487,0.014602627,0.015126856,1
0.014859074,0.01470455,0.015241675,0.015997222,0.013750678,0.013951395,0.016742088,0.012908615,0.01450587,0.013712425,0.013553173,0.013001095,0.0143967625,0.013906769,0.014125369,0.013173571,0.015370654,0.013356046,0.014165432,0.014465816,0.013286997,0.013569299,0.016373124,0.013535003,0.015050515,0.013521352,0.014734614,0.014232897,0.014368592,0.01558714,1
0.015675463,0.014337319,0.0138299065,0.016223656,0.013708225,0.013563092,0.016341273,0.012896743,0.015412654,0.013538029,0.0149850035,0.013305485,0.015982106,0.013626905,0.014445993,0.013819617,0.015009708,0.01362215,0.014252159,0.013904082,0.013500122,0.014529431,0.016211435,0.013671493,0.015758993,0.013929828,0.015006384,0.015167877,0.014729278,0.016604709,1
0.015296167,0.014537969,0.014283652,0.015960056,0.014257539,0.013943303,0.0154095525,0.012673092,0.013338076,0.014325373,0.014367877,0.013528869,0.016188173,0.01288912,0.013919657,0.014032959,0.014336167,0.013915216,0.014105985,0.013812541,0.013174692,0.014103049,0.016501302,0.013434897,0.015455825,0.013751863,0.014356351,0.014349264,0.014494712,0.015988246,0
0.014589542,0.013884957,0.015828323,0.015489593,0.013553425,0.013540925,0.017495077,0.012208922,0.013622414,0.013842063,0.014320989,0.012593505,0.015077351,0.014271089,0.0132570155,0.013053514,0.015140831,0.013921243,0.013977672,0.0142561,0.014733019,0.014273871,0.01709915,0.0135715,0.015188256,0.01377292,0.014019424,0.0140396645,0.013813171,0.015789822,0
